Roemer_Roem_45_1_1_Paulus, ein Knecht Jesu Christi, berufen zum Apostel, ausgesondert, zu predigen das Evangelium Gottes,
Roemer_Roem_45_1_2_welches er zuvor verheißen hat durch seine Propheten in der heiligen Schrift,
Roemer_Roem_45_1_3_von seinem Sohn, der geboren ist von dem Samen Davids nach dem Fleisch
Roemer_Roem_45_1_4_und kräftig erwiesen als ein Sohn Gottes nach dem Geist, der da heiligt, seit der Zeit, da er auferstanden ist von den Toten, Jesus Christus, unser HERR,
Roemer_Roem_45_1_5_durch welchen wir haben empfangen Gnade und Apostelamt, unter allen Heiden den Gehorsam des Glaubens aufzurichten unter seinem Namen,
Roemer_Roem_45_1_6_unter welchen ihr auch seid, die da berufen sind von Jesu Christo,
Roemer_Roem_45_1_7_allen, die zu Rom sind, den Liebsten Gottes und berufenen Heiligen: Gnade sei mit euch und Friede von Gott, unserm Vater, und dem HERRN Jesus Christus!
Roemer_Roem_45_1_8_Aufs erste danke ich meinem Gott durch Jesum Christum euer aller halben, daß man von eurem Glauben in aller Welt sagt.
Roemer_Roem_45_1_9_Denn Gott ist mein Zeuge, welchem ich diene in meinem Geist am Evangelium von seinem Sohn, daß ich ohne Unterlaß euer gedenke
Roemer_Roem_45_1_10_und allezeit in meinem Gebet flehe, ob sich's einmal zutragen wollte, daß ich zu euch käme durch Gottes Willen.
Roemer_Roem_45_1_11_Denn mich verlangt, euch zu sehen, auf daß ich euch mitteile etwas geistlicher Gabe, euch zu stärken;
Roemer_Roem_45_1_12_das ist, daß ich samt euch getröstet würde durch euren und meinen Glauben, den wir untereinander haben.
Roemer_Roem_45_1_13_Ich will euch aber nicht verhalten, liebe Brüder, daß ich mir oft habe vorgesetzt, zu euch zu kommen (bin aber verhindert bisher), daß ich auch unter euch Frucht schaffte gleichwie unter andern Heiden.
Roemer_Roem_45_1_14_Ich bin ein Schuldner der Griechen und der Ungriechen, der Weisen und der Unweisen.
Roemer_Roem_45_1_15_Darum, soviel an mir ist, bin ich geneigt, auch euch zu Rom das Evangelium zu predigen.
Roemer_Roem_45_1_16_Denn ich schäme mich des Evangeliums von Christo nicht; denn es ist eine Kraft Gottes, die da selig macht alle, die daran glauben, die Juden vornehmlich und auch die Griechen.
Roemer_Roem_45_1_17_Sintemal darin offenbart wird die Gerechtigkeit, die vor Gott gilt, welche kommt aus Glauben in Glauben; wie denn geschrieben steht: \"Der Gerechte wird seines Glaubens leben.\"
Roemer_Roem_45_1_18_Denn Gottes Zorn vom Himmel wird offenbart über alles gottlose Wesen und Ungerechtigkeit der Menschen, die die Wahrheit in Ungerechtigkeit aufhalten.
Roemer_Roem_45_1_19_Denn was man von Gott weiß, ist ihnen offenbar; denn Gott hat es ihnen offenbart,
Roemer_Roem_45_1_20_damit daß Gottes unsichtbares Wesen, das ist seine ewige Kraft und Gottheit, wird ersehen, so man des wahrnimmt, an den Werken, nämlich an der Schöpfung der Welt; also daß sie keine Entschuldigung haben,
Roemer_Roem_45_1_21_dieweil sie wußten, daß ein Gott ist, und haben ihn nicht gepriesen als einen Gott noch ihm gedankt, sondern sind in ihrem Dichten eitel geworden, und ihr unverständiges Herz ist verfinstert.
Roemer_Roem_45_1_22_Da sie sich für Weise hielten, sind sie zu Narren geworden
Roemer_Roem_45_1_23_und haben verwandelt die Herrlichkeit des unvergänglichen Gottes in ein Bild gleich dem vergänglichen Menschen und der Vögel und der vierfüßigen und der kriechenden Tiere.
Roemer_Roem_45_1_24_Darum hat sie auch Gott dahingegeben in ihrer Herzen Gelüste, in Unreinigkeit, zu schänden ihre eigenen Leiber an sich selbst,
Roemer_Roem_45_1_25_sie, die Gottes Wahrheit haben verwandelt in die Lüge und haben geehrt und gedient dem Geschöpfe mehr denn dem Schöpfer, der da gelobt ist in Ewigkeit. Amen.
Roemer_Roem_45_1_26_Darum hat sie auch Gott dahingegeben in schändliche Lüste: denn ihre Weiber haben verwandelt den natürlichen Brauch in den unnatürlichen;
Roemer_Roem_45_1_27_desgleichen auch die Männer haben verlassen den natürlichen Brauch des Weibes und sind aneinander erhitzt in ihren Lüsten und haben Mann mit Mann Schande getrieben und den Lohn ihres Irrtums (wie es denn sein sollte) an sich selbst empfangen.
Roemer_Roem_45_1_28_Und gleichwie sie nicht geachtet haben, daß sie Gott erkenneten, hat sie Gott auch dahingegeben in verkehrten Sinn, zu tun, was nicht taugt,
Roemer_Roem_45_1_29_voll alles Ungerechten, Hurerei, Schalkheit, Geizes, Bosheit, voll Neides, Mordes, Haders, List, giftig, Ohrenbläser,
Roemer_Roem_45_1_30_Verleumder, Gottesverächter, Frevler, hoffärtig, ruhmredig, Schädliche, den Eltern ungehorsam,
Roemer_Roem_45_1_31_Unvernünftige, Treulose, Lieblose, unversöhnlich, unbarmherzig.
Roemer_Roem_45_1_32_Sie wissen Gottes Gerechtigkeit, daß, die solches tun, des Todes würdig sind, und tun es nicht allein, sondern haben auch Gefallen an denen, die es tun.
Roemer_Roem_45_2_1_Darum, o Mensch, kannst du dich nicht entschuldigen, wer du auch bist, der da richtet. Denn worin du einen andern richtest, verdammst du dich selbst; sintemal du eben dasselbe tust, was du richtest.
Roemer_Roem_45_2_2_Denn wir wissen, daß Gottes Urteil ist recht über die, so solches tun.
Roemer_Roem_45_2_3_Denkst du aber, o Mensch, der du richtest die, die solches tun, und tust auch dasselbe, daß du dem Urteil Gottes entrinnen werdest?
Roemer_Roem_45_2_4_Oder verachtest du den Reichtum seiner Güte, Geduld und Langmütigkeit? Weißt du nicht, daß dich Gottes Güte zur Buße leitet?
Roemer_Roem_45_2_5_Du aber nach deinem verstockten und unbußfertigen Herzen häufest dir selbst den Zorn auf den Tag des Zornes und der Offenbarung des gerechten Gerichtes Gottes,
Roemer_Roem_45_2_6_welcher geben wird einem jeglichen nach seinen Werken:
Roemer_Roem_45_2_7_Preis und Ehre und unvergängliches Wesen denen, die mit Geduld in guten Werken trachten nach dem ewigen Leben;
Roemer_Roem_45_2_8_aber denen, die da zänkisch sind und der Wahrheit nicht gehorchen, gehorchen aber der Ungerechtigkeit, Ungnade, und Zorn;
Roemer_Roem_45_2_9_Trübsal und Angst über alle Seelen der Menschen, die da Böses tun, vornehmlich der Juden und auch der Griechen;
Roemer_Roem_45_2_10_Preis aber und Ehre und Friede allen denen, die da Gutes tun, vornehmlich den Juden und auch den Griechen.
Roemer_Roem_45_2_11_Denn es ist kein Ansehen der Person vor Gott.
Roemer_Roem_45_2_12_Welche ohne Gesetz gesündigt haben, die werden auch ohne Gesetz verloren werden; und welche unter dem Gesetz gesündigt haben, die werden durchs Gesetz verurteilt werden
Roemer_Roem_45_2_13_(sintemal vor Gott nicht, die das Gesetz hören, gerecht sind, sondern die das Gesetz tun, werden gerecht sein.
Roemer_Roem_45_2_14_Denn so die Heiden, die das Gesetz nicht haben, doch von Natur tun des Gesetzes Werk, sind dieselben, dieweil sie das Gesetz nicht haben, sich selbst ein Gesetz,
Roemer_Roem_45_2_15_als die da beweisen, des Gesetzes Werk sei geschrieben in ihren Herzen, sintemal ihr Gewissen ihnen zeugt, dazu auch die Gedanken, die sich untereinander verklagen oder entschuldigen),
Roemer_Roem_45_2_16_auf den Tag, da Gott das Verborgene der Menschen durch Jesus Christus richten wird laut meines Evangeliums.
Roemer_Roem_45_2_17_Siehe aber zu: du heißest ein Jude und verlässest dich aufs Gesetz und rühmest dich Gottes
Roemer_Roem_45_2_18_und weißt seinen Willen; und weil du aus dem Gesetz unterrichtet bist, prüfest du, was das Beste zu tun sei,
Roemer_Roem_45_2_19_und vermissest dich, zu sein ein Leiter der Blinden, ein Licht derer, die in Finsternis sind,
Roemer_Roem_45_2_20_ein Züchtiger der Törichten, ein Lehrer der Einfältigen, hast die Form, was zu wissen und recht ist, im Gesetz.
Roemer_Roem_45_2_21_Nun lehrst du andere, und lehrst dich selber nicht; du predigst, man solle nicht stehlen, und du stiehlst;
Roemer_Roem_45_2_22_du sprichst man solle nicht ehebrechen, und du brichst die Ehe; dir greuelt vor den Götzen, und du raubest Gott, was sein ist;
Roemer_Roem_45_2_23_du rühmst dich des Gesetzes, und schändest Gott durch Übertretung des Gesetzes;
Roemer_Roem_45_2_24_denn \"eurethalben wird Gottes Name gelästert unter den Heiden\", wie geschrieben steht.
Roemer_Roem_45_2_25_Die Beschneidung ist wohl nütz, wenn du das Gesetz hältst; hältst du das Gesetz aber nicht, so bist du aus einem Beschnittenen schon ein Unbeschnittener geworden.
Roemer_Roem_45_2_26_So nun der Unbeschnittene das Gesetz hält, meinst du nicht, daß da der Unbeschnittene werde für einen Beschnittenen gerechnet?
Roemer_Roem_45_2_27_Und wird also, der von Natur unbeschnitten ist und das Gesetz vollbringt, dich richten, der du unter dem Buchstaben und der Beschneidung bist und das Gesetz übertrittst.
Roemer_Roem_45_2_28_Denn das ist nicht ein Jude, der auswendig ein Jude ist, auch ist das nicht eine Beschneidung, die auswendig am Fleisch geschieht;
Roemer_Roem_45_2_29_sondern das ist ein Jude, der's inwendig verborgen ist, und die Beschneidung des Herzens ist eine Beschneidung, die im Geist und nicht im Buchstaben geschieht. Eines solchen Lob ist nicht aus Menschen, sondern aus Gott.
Roemer_Roem_45_3_1_Was haben denn die Juden für Vorteil, oder was nützt die Beschneidung?
Roemer_Roem_45_3_2_Fürwahr sehr viel. Zum ersten: ihnen ist vertraut, was Gott geredet hat.
Roemer_Roem_45_3_3_Daß aber etliche nicht daran glauben, was liegt daran? Sollte ihr Unglaube Gottes Glauben aufheben?
Roemer_Roem_45_3_4_Das sei ferne! Es bleibe vielmehr also, daß Gott sei wahrhaftig und alle Menschen Lügner; wie geschrieben steht: \"Auf daß du gerecht seist in deinen Worten und überwindest, wenn du gerichtet wirst.\"
Roemer_Roem_45_3_5_Ist's aber also, daß unsere Ungerechtigkeit Gottes Gerechtigkeit preist, was wollen wir sagen? Ist denn Gott auch ungerecht, wenn er darüber zürnt? (Ich rede also auf Menschenweise.)
Roemer_Roem_45_3_6_Das sei ferne! Wie könnte sonst Gott die Welt richten?
Roemer_Roem_45_3_7_Denn so die Wahrheit Gottes durch meine Lüge herrlicher wird zu seinem Preis, warum sollte ich denn noch als Sünder gerichtet werden
Roemer_Roem_45_3_8_und nicht vielmehr also tun, wie wir gelästert werden und wie etliche sprechen, daß wir sagen: \"Lasset uns Übles tun, auf das Gutes daraus komme\"? welcher Verdammnis ist ganz recht.
Roemer_Roem_45_3_9_Was sagen wir denn nun? Haben wir einen Vorteil? Gar keinen. Denn wir haben droben bewiesen, daß beide, Juden und Griechen, alle unter der Sünde sind,
Roemer_Roem_45_3_10_wie denn geschrieben steht: \"Da ist nicht, der gerecht sei, auch nicht einer.
Roemer_Roem_45_3_11_Da ist nicht, der verständig sei; da ist nicht, der nach Gott frage.
Roemer_Roem_45_3_12_Sie sind alle abgewichen und allesamt untüchtig geworden. Da ist nicht, der Gutes tue, auch nicht einer.
Roemer_Roem_45_3_13_Ihr Schlund ist ein offenes Grab; mit ihren Zungen handeln sie trüglich. Otterngift ist unter den Lippen;
Roemer_Roem_45_3_14_ihr Mund ist voll Fluchens und Bitterkeit.
Roemer_Roem_45_3_15_Ihre Füße sind eilend, Blut zu vergießen;
Roemer_Roem_45_3_16_auf ihren Wegen ist eitel Schaden und Herzeleid,
Roemer_Roem_45_3_17_und den Weg des Friedens wissen sie nicht.
Roemer_Roem_45_3_18_Es ist keine Furcht Gottes vor ihren Augen.\"
Roemer_Roem_45_3_19_Wir wissen aber, daß, was das Gesetz sagt, das sagt es denen, die unter dem Gesetz sind, auf daß aller Mund verstopft werde und alle Welt Gott schuldig sei;
Roemer_Roem_45_3_20_darum daß kein Fleisch durch des Gesetzes Werke vor ihm gerecht sein kann; denn durch das Gesetz kommt Erkenntnis der Sünde.
Roemer_Roem_45_3_21_Nun aber ist ohne Zutun des Gesetzes die Gerechtigkeit, die vor Gott gilt, offenbart und bezeugt durch das Gesetz und die Propheten.
Roemer_Roem_45_3_22_Ich sage aber von solcher Gerechtigkeit vor Gott, die da kommt durch den Glauben an Jesum Christum zu allen und auf alle, die da glauben.
Roemer_Roem_45_3_23_Denn es ist kein hier Unterschied: sie sind allzumal Sünder und mangeln des Ruhmes, den sie bei Gott haben sollten,
Roemer_Roem_45_3_24_und werden ohne Verdienst gerecht aus seiner Gnade durch die Erlösung, so durch Jesum Christum geschehen ist,
Roemer_Roem_45_3_25_welchen Gott hat vorgestellt zu einem Gnadenstuhl durch den Glauben in seinem Blut, damit er die Gerechtigkeit, die vor ihm gilt, darbiete in dem, daß er Sünde vergibt, welche bisher geblieben war unter göttlicher Geduld;
Roemer_Roem_45_3_26_auf daß er zu diesen Zeiten darböte die Gerechtigkeit, die vor ihm gilt; auf daß er allein gerecht sei und gerecht mache den, der da ist des Glaubens an Jesum.
Roemer_Roem_45_3_27_Wo bleibt nun der Ruhm? Er ist ausgeschlossen. Durch das Gesetz? Durch der Werke Gesetz? Nicht also, sondern durch des Glaubens Gesetz.
Roemer_Roem_45_3_28_So halten wir nun dafür, daß der Mensch gerecht werde ohne des Gesetzes Werke, allein durch den Glauben.
Roemer_Roem_45_3_29_Oder ist Gott allein der Juden Gott? Ist er nicht auch der Heiden Gott? Ja freilich, auch der Heiden Gott.
Roemer_Roem_45_3_30_Sintemal es ist ein einiger Gott, der da gerecht macht die Beschnittenen aus dem Glauben und die Unbeschnittenen durch den Glauben.
Roemer_Roem_45_3_31_Wie? Heben wir denn das Gesetz auf durch den Glauben? Das sei ferne! sondern wir richten das Gesetz auf.
Roemer_Roem_45_4_1_Was sagen wir denn von unserm Vater Abraham, daß er gefunden habe nach dem Fleisch?
Roemer_Roem_45_4_2_Das sagen wir: Ist Abraham durch die Werke gerecht, so hat er wohl Ruhm, aber nicht vor Gott.
Roemer_Roem_45_4_3_Was sagt denn die Schrift? \"Abraham hat Gott geglaubt, und das ist ihm zur Gerechtigkeit gerechnet.\"
Roemer_Roem_45_4_4_Dem aber, der mit Werken umgeht, wird der Lohn nicht aus Gnade zugerechnet, sondern aus Pflicht.
Roemer_Roem_45_4_5_Dem aber, der nicht mit Werken umgeht, glaubt aber an den, der die Gottlosen gerecht macht, dem wird sein Glaube gerechnet zur Gerechtigkeit.
Roemer_Roem_45_4_6_Nach welcher Weise auch David sagt, daß die Seligkeit sei allein des Menschen, welchem Gott zurechnet die Gerechtigkeit ohne Zutun der Werke, da er spricht:
Roemer_Roem_45_4_7_\"Selig sind die, welchen ihre Ungerechtigkeiten vergeben sind und welchen ihre Sünden bedeckt sind!
Roemer_Roem_45_4_8_Selig ist der Mann, welchem Gott die Sünde nicht zurechnet!\"
Roemer_Roem_45_4_9_Nun diese Seligkeit, geht sie über die Beschnittenen oder auch über die Unbeschnittenen? Wir müssen ja sagen, daß Abraham sei sein Glaube zur Gerechtigkeit gerechnet.
Roemer_Roem_45_4_10_Wie ist er ihm denn zugerechnet? Als er beschnitten oder als er unbeschnitten war? Nicht, als er beschnitten, sondern als er unbeschnitten war.
Roemer_Roem_45_4_11_Das Zeichen der Beschneidung empfing er zum Siegel der Gerechtigkeit des Glaubens, welchen er hatte, als er noch nicht beschnitten war, auf daß er würde ein Vater aller, die da glauben und nicht beschnitten sind, daß ihnen solches auch gerechnet werde zur Gerechtigkeit;
Roemer_Roem_45_4_12_und würde auch ein Vater der Beschneidung, derer, die nicht allein beschnitten sind, sondern auch wandeln in den Fußtapfen des Glaubens, welcher war in unserm Vater Abraham, als er noch unbeschnitten war.
Roemer_Roem_45_4_13_Denn die Verheißung, daß er sollte sein der Welt Erbe, ist nicht geschehen Abraham oder seinem Samen durchs Gesetz, sondern durch die Gerechtigkeit des Glaubens.
Roemer_Roem_45_4_14_Denn wo die vom Gesetz Erben sind, so ist der Glaube nichts, und die Verheißung ist abgetan.
Roemer_Roem_45_4_15_Sintemal das Gesetz nur Zorn anrichtet; denn wo das Gesetz nicht ist, da ist auch keine Übertretung.
Roemer_Roem_45_4_16_Derhalben muß die Gerechtigkeit durch den Glauben kommen, auf daß sie sei aus Gnaden und die Verheißung fest bleibe allem Samen, nicht dem allein, der unter dem Gesetz ist, sondern auch dem, der des Glaubens Abrahams ist, welcher ist unser aller Vater
Roemer_Roem_45_4_17_(wie geschrieben steht: \"Ich habe dich gesetzt zum Vater vieler Völker\") vor Gott, dem er geglaubt hat, der da lebendig macht die Toten und ruft dem, was nicht ist, das es sei.
Roemer_Roem_45_4_18_Und er hat geglaubt auf Hoffnung, da nichts zu hoffen war, auf daß er würde ein Vater vieler Völker, wie denn zu ihm gesagt ist: \"Also soll dein Same sein.\"
Roemer_Roem_45_4_19_Und er ward nicht schwach im Glauben, sah auch nicht an seinem eigenen Leib, welcher schon erstorben war (weil er schon fast hundertjährig war), auch nicht den erstorbenen Leib der Sara;
Roemer_Roem_45_4_20_denn er zweifelte nicht an der Verheißung Gottes durch Unglauben, sondern ward stark im Glauben und gab Gott die Ehre
Roemer_Roem_45_4_21_und wußte aufs allergewisseste, daß, was Gott verheißt, das kann er auch tun.
Roemer_Roem_45_4_22_Darum ist's ihm auch zur Gerechtigkeit gerechnet.
Roemer_Roem_45_4_23_Das ist aber nicht geschrieben allein um seinetwillen, daß es ihm zugerechnet ist,
Roemer_Roem_45_4_24_sondern auch um unsertwillen, welchen es zugerechnet werden soll, so wir glauben an den, der unsern HERRN Jesus auferweckt hat von den Toten,
Roemer_Roem_45_4_25_welcher ist um unsrer Sünden willen dahingegeben und um unsrer Gerechtigkeit willen auferweckt.
Roemer_Roem_45_5_1_Nun wir denn sind gerecht geworden durch den Glauben, so haben wir Frieden mit Gott durch unsern HERRN Jesus Christus,
Roemer_Roem_45_5_2_durch welchen wir auch den Zugang haben im Glauben zu dieser Gnade, darin wir stehen, und rühmen uns der Hoffnung der zukünftigen Herrlichkeit, die Gott geben soll.
Roemer_Roem_45_5_3_Nicht allein aber das, sondern wir rühmen uns auch der Trübsale, dieweil wir wissen, daß Trübsal Geduld bringt;
Roemer_Roem_45_5_4_Geduld aber bringt Erfahrung; Erfahrung aber bringt Hoffnung;
Roemer_Roem_45_5_5_Hoffnung aber läßt nicht zu Schanden werden. Denn die Liebe Gottes ist ausgegossen in unser Herz durch den heiligen Geist, welcher uns gegeben ist.
Roemer_Roem_45_5_6_Denn auch Christus, da wir noch schwach waren nach der Zeit, ist für uns Gottlose gestorben.
Roemer_Roem_45_5_7_Nun stirbt kaum jemand um eines Gerechten willen; um des Guten willen dürfte vielleicht jemand sterben.
Roemer_Roem_45_5_8_Darum preiset Gott seine Liebe gegen uns, daß Christus für uns gestorben ist, da wir noch Sünder waren.
Roemer_Roem_45_5_9_So werden wir ja viel mehr durch ihn bewahrt werden vor dem Zorn, nachdem wir durch sein Blut gerecht geworden sind.
Roemer_Roem_45_5_10_Denn so wir Gott versöhnt sind durch den Tod seines Sohnes, da wir noch Feinde waren, viel mehr werden wir selig werden durch sein Leben, so wir nun versöhnt sind.
Roemer_Roem_45_5_11_Nicht allein aber das, sondern wir rühmen uns auch Gottes durch unsern HERRN Jesus Christus, durch welchen wir nun die Versöhnung empfangen haben.
Roemer_Roem_45_5_12_Derhalben, wie durch einen Menschen die Sünde ist gekommen in die Welt und der Tod durch die Sünde, und ist also der Tod zu allen Menschen durchgedrungen, dieweil sie alle gesündigt haben;
Roemer_Roem_45_5_13_denn die Sünde war wohl in der Welt bis auf das Gesetz; aber wo kein Gesetz ist, da achtet man der Sünde nicht.
Roemer_Roem_45_5_14_Doch herrschte der Tod von Adam an bis auf Moses auch über die, die nicht gesündigt haben mit gleicher Übertretung wie Adam, welcher ist ein Bild des, der zukünftig war.
Roemer_Roem_45_5_15_Aber nicht verhält sich's mit der Gabe wie mit der Sünde. Denn so an eines Sünde viele gestorben sind, so ist viel mehr Gottes Gnade und Gabe vielen reichlich widerfahren durch die Gnade des einen Menschen Jesus Christus.
Roemer_Roem_45_5_16_Und nicht ist die Gabe allein über eine Sünde, wie durch des einen Sünders eine Sünde alles Verderben. Denn das Urteil ist gekommen aus einer Sünde zur Verdammnis; die Gabe aber hilft auch aus vielen Sünden zur Gerechtigkeit.
Roemer_Roem_45_5_17_Denn so um des einen Sünde willen der Tod geherrscht hat durch den einen, viel mehr werden die, so da empfangen die Fülle der Gnade und der Gabe zur Gerechtigkeit, herrschen im Leben durch einen, Jesum Christum.
Roemer_Roem_45_5_18_Wie nun durch eines Sünde die Verdammnis über alle Menschen gekommen ist, so ist auch durch eines Gerechtigkeit die Rechtfertigung des Lebens über alle Menschen gekommen.
Roemer_Roem_45_5_19_Denn gleichwie durch eines Menschen Ungehorsam viele Sünder geworden sind, also auch durch eines Gehorsam werden viele Gerechte.
Roemer_Roem_45_5_20_Das Gesetz aber ist neben eingekommen, auf daß die Sünde mächtiger würde. Wo aber die Sünde mächtig geworden ist, da ist doch die Gnade viel mächtiger geworden,
Roemer_Roem_45_5_21_auf daß, gleichwie die Sünde geherrscht hat zum Tode, also auch herrsche die Gnade durch die Gerechtigkeit zum ewigen Leben durch Jesum Christum, unsern HERRN.
Roemer_Roem_45_6_1_Was wollen wir hierzu sagen? Sollen wir denn in der Sünde beharren, auf daß die Gnade desto mächtiger werde?
Roemer_Roem_45_6_2_Das sei ferne! Wie sollten wir in der Sünde wollen leben, der wir abgestorben sind?
Roemer_Roem_45_6_3_Wisset ihr nicht, daß alle, die wir in Jesus Christus getauft sind, die sind in seinen Tod getauft?
Roemer_Roem_45_6_4_So sind wir ja mit ihm begraben durch die Taufe in den Tod, auf daß, gleichwie Christus ist auferweckt von den Toten durch die Herrlichkeit des Vaters, also sollen auch wir in einem neuen Leben wandeln.
Roemer_Roem_45_6_5_So wir aber samt ihm gepflanzt werden zu gleichem Tode, so werden wir auch seiner Auferstehung gleich sein,
Roemer_Roem_45_6_6_dieweil wir wissen, daß unser alter Mensch samt ihm gekreuzigt ist, auf daß der sündliche Leib aufhöre, daß wir hinfort der Sünde nicht mehr dienen.
Roemer_Roem_45_6_7_Denn wer gestorben ist, der ist gerechtfertigt von der Sünde.
Roemer_Roem_45_6_8_Sind wir aber mit Christo gestorben, so glauben wir, daß wir auch mit ihm leben werden,
Roemer_Roem_45_6_9_und wissen, daß Christus, von den Toten auferweckt, hinfort nicht stirbt; der Tod wird hinfort nicht mehr über ihn herrschen.
Roemer_Roem_45_6_10_Denn was er gestorben ist, das ist er der Sünde gestorben zu einem Mal; was er aber lebt, das lebt er Gott.
Roemer_Roem_45_6_11_Also auch ihr, haltet euch dafür, daß ihr der Sünde gestorben seid und lebt Gott in Christo Jesus, unserm HERRN.
Roemer_Roem_45_6_12_So lasset nun die Sünde nicht herrschen in eurem sterblichen Leibe, ihr Gehorsam zu leisten in seinen Lüsten.
Roemer_Roem_45_6_13_Auch begebet nicht der Sünde eure Glieder zu Waffen der Ungerechtigkeit, sondern begebet euch selbst Gott, als die da aus den Toten lebendig sind, und eure Glieder Gott zu Waffen der Gerechtigkeit.
Roemer_Roem_45_6_14_Denn die Sünde wird nicht herrschen können über euch, sintemal ihr nicht unter dem Gesetz seid, sondern unter der Gnade.
Roemer_Roem_45_6_15_Wie nun? Sollen wir sündigen, dieweil wir nicht unter der dem Gesetz, sondern unter der Gnade sind? Das sei ferne!
Roemer_Roem_45_6_16_Wisset ihr nicht: welchem ihr euch begebet zu Knechten in Gehorsam, des Knechte seid ihr, dem ihr gehorsam seid, es sei der Sünde zum Tode oder dem Gehorsam zur Gerechtigkeit?
Roemer_Roem_45_6_17_Gott sei aber gedankt, daß ihr Knechte der Sünde gewesen seid, aber nun gehorsam geworden von Herzen dem Vorbilde der Lehre, welchem ihr ergeben seid.
Roemer_Roem_45_6_18_Denn nun ihr frei geworden seid von der Sünde, seid ihr Knechte der Gerechtigkeit geworden.
Roemer_Roem_45_6_19_Ich muß menschlich davon reden um der Schwachheit willen eures Fleisches. Gleichwie ihr eure Glieder begeben habet zum Dienst der Unreinigkeit und von einer Ungerechtigkeit zur andern, also begebet auch nun eure Glieder zum Dienst der Gerechtigkeit, daß sie heilig werden.
Roemer_Roem_45_6_20_Denn da ihr der Sünde Knechte wart, da wart ihr frei von der Gerechtigkeit.
Roemer_Roem_45_6_21_Was hattet ihr nun zu der Zeit für Frucht? Welcher ihr euch jetzt schämet; denn ihr Ende ist der Tod.
Roemer_Roem_45_6_22_Nun ihr aber seid von der Sünde frei und Gottes Knechte geworden, habt ihr eure Frucht, daß ihr heilig werdet, das Ende aber ist das ewige Leben.
Roemer_Roem_45_6_23_Denn der Tod ist der Sünde Sold; aber die Gabe Gottes ist das ewige Leben in Christo Jesu, unserm HERRN.
Roemer_Roem_45_7_1_Wisset ihr nicht, liebe Brüder (denn ich rede mit solchen, die das Gesetz wissen), daß das Gesetz herrscht über den Menschen solange er lebt?
Roemer_Roem_45_7_2_Denn ein Weib, das unter dem Manne ist, ist an ihn gebunden durch das Gesetz, solange der Mann lebt; so aber der Mann stirbt, so ist sie los vom Gesetz, das den Mann betrifft.
Roemer_Roem_45_7_3_Wo sie nun eines andern Mannes wird, solange der Mann lebt, wird sie eine Ehebrecherin geheißen; so aber der Mann stirbt, ist sie frei vom Gesetz, daß sie nicht eine Ehebrecherin ist, wo sie eines andern Mannes wird.
Roemer_Roem_45_7_4_Also seid auch ihr, meine Brüder, getötet dem Gesetz durch den Leib Christi, daß ihr eines andern seid, nämlich des, der von den Toten auferweckt ist, auf daß wir Gott Frucht bringen.
Roemer_Roem_45_7_5_Denn da wir im Fleisch waren, da waren die sündigen Lüste, welche durchs Gesetz sich erregten, kräftig in unsern Gliedern, dem Tode Frucht zu bringen.
Roemer_Roem_45_7_6_Nun aber sind wir vom Gesetz los und ihm abgestorben, das uns gefangenhielt, also daß wir dienen sollen im neuen Wesen des Geistes und nicht im alten Wesen des Buchstabens.
Roemer_Roem_45_7_7_Was wollen wir denn nun sagen? Ist das Gesetz Sünde? Das sei ferne! Aber die Sünde erkannte ich nicht, außer durchs Gesetz. Denn ich wußte nichts von der Lust, wo das Gesetz nicht hätte gesagt: \"Laß dich nicht gelüsten!\"
Roemer_Roem_45_7_8_Da nahm aber die Sünde Ursache am Gebot und erregte in mir allerlei Lust; denn ohne das Gesetz war die Sünde tot.
Roemer_Roem_45_7_9_Ich aber lebte weiland ohne Gesetz; da aber das Gebot kam, ward die Sünde wieder lebendig,
Roemer_Roem_45_7_10_ich aber starb; und es fand sich, daß das Gebot mir zum Tode gereichte, das mir doch zum Leben gegeben war.
Roemer_Roem_45_7_11_Denn die Sünde nahm Ursache am Gebot und betrog mich und tötete mich durch dasselbe Gebot.
Roemer_Roem_45_7_12_Das Gesetz ist ja heilig, und das Gebot ist heilig, recht und gut.
Roemer_Roem_45_7_13_Ist denn, das da gut ist, mir zum Tod geworden? Das sei ferne! Aber die Sünde, auf daß sie erscheine, wie sie Sünde ist, hat sie mir durch das Gute den Tod gewirkt, auf daß die Sünde würde überaus sündig durchs Gebot.
Roemer_Roem_45_7_14_Denn wir wissen, daß das Gesetz geistlich ist; ich bin aber fleischlich, unter die Sünde verkauft.
Roemer_Roem_45_7_15_Denn ich weiß nicht, was ich tue. Denn ich tue nicht, was ich will; sondern, was ich hasse, das tue ich.
Roemer_Roem_45_7_16_So ich aber das tue, was ich nicht will, so gebe ich zu, daß das Gesetz gut sei.
Roemer_Roem_45_7_17_So tue ich nun dasselbe nicht, sondern die Sünde, die in mir wohnt.
Roemer_Roem_45_7_18_Denn ich weiß, daß in mir, das ist in meinem Fleische, wohnt nichts Gutes. Wollen habe ich wohl, aber vollbringen das Gute finde ich nicht.
Roemer_Roem_45_7_19_Denn das Gute, das ich will, das tue ich nicht; sondern das Böse, das ich nicht will, das tue ich.
Roemer_Roem_45_7_20_So ich aber tue, was ich nicht will, so tue ich dasselbe nicht; sondern die Sünde, die in mir wohnt.
Roemer_Roem_45_7_21_So finde ich mir nun ein Gesetz, der ich will das Gute tun, daß mir das Böse anhangt.
Roemer_Roem_45_7_22_Denn ich habe Lust an Gottes Gesetz nach dem inwendigen Menschen.
Roemer_Roem_45_7_23_Ich sehe aber ein ander Gesetz in meinen Gliedern, das da widerstreitet dem Gesetz in meinem Gemüte und nimmt mich gefangen in der Sünde Gesetz, welches ist in meinen Gliedern.
Roemer_Roem_45_7_24_Ich elender Mensch! wer wird mich erlösen von dem Leibe dieses Todes?
Roemer_Roem_45_7_25_Ich danke Gott durch Jesum Christum, unserm HERRN. So diene ich nun mit dem Gemüte dem Gesetz Gottes, aber mit dem Fleische dem Gesetz der Sünde.
Roemer_Roem_45_8_1_So ist nun nichts Verdammliches an denen, die in Christo Jesu sind, die nicht nach dem Fleisch wandeln, sondern nach dem Geist.
Roemer_Roem_45_8_2_Denn das Gesetz des Geistes, der da lebendig macht in Christo Jesu, hat mich frei gemacht von dem Gesetz der Sünde und des Todes.
Roemer_Roem_45_8_3_Denn was dem Gesetz unmöglich war (sintemal es durch das Fleisch geschwächt ward), das tat Gott und sandte seinen Sohn in der Gestalt des sündlichen Fleisches und der Sünde halben und verdammte die Sünde im Fleisch,
Roemer_Roem_45_8_4_auf daß die Gerechtigkeit, vom Gesetz erfordert, in uns erfüllt würde, die wir nun nicht nach dem Fleische wandeln, sondern nach dem Geist.
Roemer_Roem_45_8_5_Denn die da fleischlich sind, die sind fleischlich gesinnt; die aber geistlich sind, die sind geistlich gesinnt.
Roemer_Roem_45_8_6_Aber fleischlich gesinnt sein ist der Tod, und geistlich gesinnt sein ist Leben und Friede.
Roemer_Roem_45_8_7_Denn fleischlich gesinnt sein ist wie eine Feindschaft wider Gott, sintemal das Fleisch dem Gesetz Gottes nicht untertan ist; denn es vermag's auch nicht.
Roemer_Roem_45_8_8_Die aber fleischlich sind, können Gott nicht gefallen.
Roemer_Roem_45_8_9_Ihr aber seid nicht fleischlich, sondern geistlich, so anders Gottes Geist in euch wohnt. Wer aber Christi Geist nicht hat, der ist nicht sein.
Roemer_Roem_45_8_10_So nun aber Christus in euch ist, so ist der Leib zwar tot um der Sünde willen, der Geist aber ist Leben um der Gerechtigkeit willen.
Roemer_Roem_45_8_11_So nun der Geist des, der Jesum von den Toten auferweckt hat, in euch wohnt, so wird auch derselbe, der Christum von den Toten auferweckt hat, eure sterblichen Leiber lebendig machen um deswillen, daß sein Geist in euch wohnt.
Roemer_Roem_45_8_12_So sind wir nun, liebe Brüder, Schuldner nicht dem Fleisch, daß wir nach dem Fleisch leben.
Roemer_Roem_45_8_13_Denn wo ihr nach dem Fleisch lebet, so werdet ihr sterben müssen; wo ihr aber durch den Geist des Fleisches Geschäfte tötet, so werdet ihr leben.
Roemer_Roem_45_8_14_Denn welche der Geist Gottes treibt, die sind Gottes Kinder.
Roemer_Roem_45_8_15_Denn ihr habt nicht einen knechtischen Geist empfangen, daß ihr euch abermals fürchten müßtet; sondern ihr habt einen kindlichen Geist empfangen, durch welchen wir rufen: Abba, lieber Vater!
Roemer_Roem_45_8_16_Derselbe Geist gibt Zeugnis unserem Geist, daß wir Kinder Gottes sind.
Roemer_Roem_45_8_17_Sind wir denn Kinder, so sind wir auch Erben, nämlich Gottes Erben und Miterben Christi, so wir anders mit leiden, auf daß wir auch mit zur Herrlichkeit erhoben werden.
Roemer_Roem_45_8_18_Denn ich halte es dafür, daß dieser Zeit Leiden der Herrlichkeit nicht wert sei, die an uns soll offenbart werden.
Roemer_Roem_45_8_19_Denn das ängstliche Harren der Kreatur wartet auf die Offenbarung der Kinder Gottes.
Roemer_Roem_45_8_20_Sintemal die Kreatur unterworfen ist der Eitelkeit ohne ihren Willen, sondern um deswillen, der sie unterworfen hat, auf Hoffnung.
Roemer_Roem_45_8_21_Denn auch die Kreatur wird frei werden vom Dienst des vergänglichen Wesens zu der herrlichen Freiheit der Kinder Gottes.
Roemer_Roem_45_8_22_Denn wir wissen, daß alle Kreatur sehnt sich mit uns und ängstet sich noch immerdar.
Roemer_Roem_45_8_23_Nicht allein aber sie, sondern auch wir selbst, die wir haben des Geistes Erstlinge, sehnen uns auch bei uns selbst nach der Kindschaft und warten auf unsers Leibes Erlösung.
Roemer_Roem_45_8_24_Denn wir sind wohl selig, doch in der Hoffnung. Die Hoffnung aber, die man sieht, ist nicht Hoffnung; denn wie kann man des hoffen, das man sieht?
Roemer_Roem_45_8_25_So wir aber des hoffen, das wir nicht sehen, so warten wir sein durch Geduld.
Roemer_Roem_45_8_26_Desgleichen auch der Geist hilft unsrer Schwachheit auf. Denn wir wissen nicht, was wir beten sollen, wie sich's gebührt; sondern der Geist selbst vertritt uns aufs beste mit unaussprechlichem Seufzen.
Roemer_Roem_45_8_27_Der aber die Herzen erforscht, der weiß, was des Geistes Sinn sei; denn er vertritt die Heiligen nach dem, das Gott gefällt.
Roemer_Roem_45_8_28_Wir wissen aber, daß denen, die Gott lieben, alle Dinge zum Besten dienen, denen, die nach dem Vorsatz berufen sind.
Roemer_Roem_45_8_29_Denn welche er zuvor ersehen hat, die hat er auch verordnet, daß sie gleich sein sollten dem Ebenbilde seines Sohnes, auf daß derselbe der Erstgeborene sei unter vielen Brüdern.
Roemer_Roem_45_8_30_Welche er aber verordnet hat, die hat er auch berufen; welche er aber berufen hat, die hat er auch gerecht gemacht, die hat er auch herrlich gemacht.
Roemer_Roem_45_8_31_Was wollen wir nun hierzu sagen? Ist Gott für uns, wer mag wider uns sein?
Roemer_Roem_45_8_32_welcher auch seines eigenen Sohnes nicht hat verschont, sondern hat ihn für uns alle dahingegeben; wie sollte er uns mit ihm nicht alles schenken?
Roemer_Roem_45_8_33_Wer will die Auserwählten Gottes beschuldigen? Gott ist hier, der da gerecht macht.
Roemer_Roem_45_8_34_Wer will verdammen? Christus ist hier, der gestorben ist, ja vielmehr, der auch auferweckt ist, welcher ist zur Rechten Gottes und vertritt uns.
Roemer_Roem_45_8_35_Wer will uns scheiden von der Liebe Gottes? Trübsal oder Angst oder Verfolgung oder Hunger oder Blöße oder Fährlichkeit oder Schwert?
Roemer_Roem_45_8_36_wie geschrieben steht: \"Um deinetwillen werden wir getötet den ganzen Tag; wir sind geachtet wie Schlachtschafe.\"
Roemer_Roem_45_8_37_Aber in dem allem überwinden wir weit um deswillen, der uns geliebt hat.
Roemer_Roem_45_8_38_Denn ich bin gewiß, daß weder Tod noch Leben, weder Engel noch Fürstentümer noch Gewalten, weder Gegenwärtiges noch Zukünftiges,
Roemer_Roem_45_8_39_weder Hohes noch Tiefes noch keine andere Kreatur mag uns scheiden von der Liebe Gottes, die in Christo Jesu ist, unserm HERRN.
Roemer_Roem_45_9_1_Ich sage die Wahrheit in Christus und lüge nicht, wie mir Zeugnis gibt mein Gewissen in dem Heiligen Geist,
Roemer_Roem_45_9_2_daß ich große Traurigkeit und Schmerzen ohne Unterlaß in meinem Herzen habe.
Roemer_Roem_45_9_3_Ich habe gewünscht, verbannt zu sein von Christo für meine Brüder, die meine Gefreundeten sind nach dem Fleisch;
Roemer_Roem_45_9_4_die da sind von Israel, welchen gehört die Kindschaft und die Herrlichkeit und der Bund und das Gesetz und der Gottesdienst und die Verheißungen;
Roemer_Roem_45_9_5_welcher auch sind die Väter, und aus welchen Christus herkommt nach dem Fleisch, der da ist Gott über alles, gelobt in Ewigkeit. Amen.
Roemer_Roem_45_9_6_Aber nicht sage ich solches, als ob Gottes Wort darum aus sei. Denn es sind nicht alle Israeliter, die von Israel sind;
Roemer_Roem_45_9_7_auch nicht alle, die Abrahams Same sind, sind darum auch Kinder. Sondern \"in Isaak soll dir der Same genannt sein\".
Roemer_Roem_45_9_8_Das ist: nicht sind das Gottes Kinder, die nach dem Fleisch Kinder sind; sondern die Kinder der Verheißung werden für Samen gerechnet.
Roemer_Roem_45_9_9_Denn dies ist ein Wort der Verheißung, da er spricht: \"Um diese Zeit will ich kommen, und Sara soll einen Sohn haben.\"
Roemer_Roem_45_9_10_Nicht allein aber ist's mit dem also, sondern auch, da Rebekka von dem einen, unserm Vater Isaak, schwanger ward:
Roemer_Roem_45_9_11_ehe die Kinder geboren waren und weder Gutes noch Böses getan hatten, auf daß der Vorsatz Gottes bestünde nach der Wahl,
Roemer_Roem_45_9_12_nicht aus Verdienst der Werke, sondern aus Gnade des Berufers, ward zu ihr gesagt: \"Der Ältere soll dienstbar werden dem Jüngeren\",
Roemer_Roem_45_9_13_wie denn geschrieben steht: \"Jakob habe ich geliebt, aber Esau habe ich gehaßt.\"
Roemer_Roem_45_9_14_Was wollen wir denn hier sagen? Ist denn Gott ungerecht? Das sei ferne!
Roemer_Roem_45_9_15_Denn er spricht zu Mose: \"Welchem ich gnädig bin, dem bin ich gnädig; und welches ich mich erbarme, des erbarme ich mich.\"
Roemer_Roem_45_9_16_So liegt es nun nicht an jemandes Wollen oder Laufen, sondern an Gottes Erbarmen.
Roemer_Roem_45_9_17_Denn die Schrift sagt zum Pharao: \"Ebendarum habe ich dich erweckt, daß ich an dir meine Macht erzeige, auf daß mein Name verkündigt werde in allen Landen.\"
Roemer_Roem_45_9_18_So erbarmt er sich nun, welches er will, und verstockt, welchen er will.
Roemer_Roem_45_9_19_So sagst du zu mir: Was beschuldigt er uns denn? Wer kann seinem Willen widerstehen?
Roemer_Roem_45_9_20_Ja, lieber Mensch, wer bist du denn, daß du mit Gott rechten willst? Spricht auch ein Werk zu seinem Meister: Warum machst du mich also?
Roemer_Roem_45_9_21_Hat nicht ein Töpfer Macht, aus einem Klumpen zu machen ein Gefäß zu Ehren und das andere zu Unehren?
Roemer_Roem_45_9_22_Derhalben, da Gott wollte Zorn erzeigen und kundtun seine Macht, hat er mit großer Geduld getragen die Gefäße des Zorns, die da zugerichtet sind zur Verdammnis;
Roemer_Roem_45_9_23_auf daß er kundtäte den Reichtum seiner Herrlichkeit an den Gefäßen der Barmherzigkeit, die er bereitet hat zur Herrlichkeit,
Roemer_Roem_45_9_24_welche er berufen hat, nämlich uns, nicht allein aus den Juden sondern auch aus den Heiden.
Roemer_Roem_45_9_25_Wie er denn auch durch Hosea spricht: \"Ich will das mein Volk heißen, daß nicht mein Volk war, und meine Liebe, die nicht meine Liebe war.\"
Roemer_Roem_45_9_26_\"Und soll geschehen: An dem Ort, da zu ihnen gesagt ward: 'Ihr seid nicht mein Volk', sollen sie Kinder des lebendigen Gottes genannt werden.\"
Roemer_Roem_45_9_27_Jesaja aber schreit für Israel: \"Wenn die Zahl der Kinder Israel würde sein wie der Sand am Meer, so wird doch nur der Überrest selig werden;
Roemer_Roem_45_9_28_denn es wird ein Verderben und Steuern geschehen zur Gerechtigkeit, und der HERR wird das Steuern tun auf Erden.\"
Roemer_Roem_45_9_29_Und wie Jesaja zuvorsagte: \"Wenn uns nicht der HERR Zebaoth hätte lassen Samen übrig bleiben, so wären wir wie Sodom und Gomorra.\"
Roemer_Roem_45_9_30_Was wollen wir nun hier sagen? Das wollen wir sagen: Die Heiden, die nicht haben nach der Gerechtigkeit getrachtet, haben Gerechtigkeit erlangt; ich sage aber von der Gerechtigkeit, die aus dem Glauben kommt.
Roemer_Roem_45_9_31_Israel aber hat dem Gesetz der Gerechtigkeit nachgetrachtet, und hat das Gesetz der Gerechtigkeit nicht erreicht.
Roemer_Roem_45_9_32_Warum das? Darum daß sie es nicht aus dem Glauben, sondern aus den Werken des Gesetzes suchen. Denn sie haben sich gestoßen an den Stein des Anlaufens,
Roemer_Roem_45_9_33_wie geschrieben steht: \"Siehe da, ich lege in Zion einen Stein des Anlaufens und einen Fels des Ärgernisses; und wer an ihn glaubt, der soll nicht zu Schanden werden.\"
Roemer_Roem_45_10_1_Liebe Brüder, meines Herzens Wunsch ist, und ich flehe auch zu Gott für Israel, daß sie selig werden.
Roemer_Roem_45_10_2_Denn ich gebe ihnen das Zeugnis, daß sie eifern um Gott, aber mit Unverstand.
Roemer_Roem_45_10_3_Denn sie erkennen die Gerechtigkeit nicht, die vor Gott gilt, und trachten, ihre eigene Gerechtigkeit aufzurichten, und sind also der Gerechtigkeit, die vor Gott gilt, nicht untertan.
Roemer_Roem_45_10_4_Denn Christus ist des Gesetzes Ende; wer an den glaubt, der ist gerecht.
Roemer_Roem_45_10_5_Mose schreibt wohl von der Gerechtigkeit, die aus dem Gesetz kommt: \"Welcher Mensch dies tut, der wird dadurch leben.\"
Roemer_Roem_45_10_6_Aber die Gerechtigkeit aus dem Glauben spricht also: \"Sprich nicht in deinem Herzen: Wer will hinauf gen Himmel fahren?\" (Das ist nichts anderes denn Christum herabholen.)
Roemer_Roem_45_10_7_Oder: \"Wer will hinab in die Tiefe fahren?\" (Das ist nichts anderes denn Christum von den Toten holen.)
Roemer_Roem_45_10_8_Aber was sagt sie? \"Das Wort ist dir nahe, in deinem Munde und in deinem Herzen.\" Dies ist das Wort vom Glauben, das wir predigen.
Roemer_Roem_45_10_9_Denn so du mit deinem Munde bekennst Jesum, daß er der HERR sei, und glaubst in deinem Herzen, daß ihn Gott von den Toten auferweckt hat, so wirst du selig.
Roemer_Roem_45_10_10_Denn so man von Herzen glaubt, so wird man gerecht; und so man mit dem Munde bekennt, so wird man selig.
Roemer_Roem_45_10_11_Denn die Schrift spricht: \"Wer an ihn glaubt, wird nicht zu Schanden werden.\"
Roemer_Roem_45_10_12_Es ist hier kein Unterschied unter Juden und Griechen; es ist aller zumal ein HERR, reich über alle, die ihn anrufen.
Roemer_Roem_45_10_13_Denn \"wer den Namen des HERRN wird anrufen, soll selig werden.\"
Roemer_Roem_45_10_14_Wie sollen sie aber den anrufen, an den sie nicht glauben? Wie sollen sie aber an den glauben, von dem sie nichts gehört haben? wie sollen sie aber hören ohne Prediger?
Roemer_Roem_45_10_15_Wie sollen sie aber predigen, wo sie nicht gesandt werden? Wie denn geschrieben steht: \"Wie lieblich sich die Füße derer, die den Frieden verkündigen, die das Gute verkündigen!\"
Roemer_Roem_45_10_16_Aber sie sind nicht alle dem Evangelium gehorsam. Denn Jesaja sagt: \"HERR, wer glaubt unserm Predigen?\"
Roemer_Roem_45_10_17_So kommt der Glaube aus der Predigt, das Predigen aber aus dem Wort Gottes.
Roemer_Roem_45_10_18_Ich sage aber: Haben sie es nicht gehört? Wohl, es ist ja in alle Lande ausgegangen ihr Schall und in alle Welt ihre Worte.
Roemer_Roem_45_10_19_Ich sage aber: Hat es Israel nicht erkannt? Aufs erste spricht Mose: \"Ich will euch eifern machen über dem, das nicht ein Volk ist; und über ein unverständiges Volk will ich euch erzürnen.\"
Roemer_Roem_45_10_20_Jesaja aber darf wohl so sagen: \"Ich bin gefunden von denen, die mich nicht gesucht haben, und bin erschienen denen, die nicht nach mir gefragt haben.\"
Roemer_Roem_45_10_21_Zu Israel aber spricht er: \"Den ganzen Tag habe ich meine Hände ausgestreckt zu dem Volk, das sich nicht sagen läßt und widerspricht.\"
Roemer_Roem_45_11_1_So sage ich nun: Hat denn Gott sein Volk verstoßen? Das sei ferne! Denn ich bin auch ein Israeliter von dem Samen Abrahams, aus dem Geschlecht Benjamin.
Roemer_Roem_45_11_2_Gott hat sein Volk nicht verstoßen, welches er zuvor ersehen hat. Oder wisset ihr nicht, was die Schrift sagt von Elia, wie er tritt vor Gott wider Israel und spricht:
Roemer_Roem_45_11_3_\"HERR, sie haben deine Propheten getötet und deine Altäre zerbrochen; und ich bin allein übriggeblieben, und sie stehen mir nach meinem Leben\"?
Roemer_Roem_45_11_4_Aber was sagt die göttliche Antwort? \"Ich habe mir lassen übrig bleiben siebentausend Mann, die nicht haben ihre Kniee gebeugt vor dem Baal.\"
Roemer_Roem_45_11_5_Also gehet es auch jetzt zu dieser Zeit mit diesen, die übriggeblieben sind nach der Wahl der Gnade.
Roemer_Roem_45_11_6_Ist's aber aus Gnaden, so ist's nicht aus Verdienst der Werke; sonst würde Gnade nicht Gnade sein. Ist's aber aus Verdienst der Werke, so ist die Gnade nichts; sonst wäre Verdienst nicht Verdienst.
Roemer_Roem_45_11_7_Wie denn nun? Was Israel sucht, das erlangte es nicht; die Auserwählten aber erlangten es. Die andern sind verstockt,
Roemer_Roem_45_11_8_wie geschrieben steht: \"Gott hat ihnen gegeben eine Geist des Schlafs, Augen, daß sie nicht sehen, und Ohren, daß sie nicht hören, bis auf den heutigen Tag.\"
Roemer_Roem_45_11_9_Und David spricht: \"Laß ihren Tisch zu einem Strick werden und zu einer Berückung und zum Ärgernis und ihnen zur Vergeltung.
Roemer_Roem_45_11_10_Verblende ihre Augen, daß sie nicht sehen, und beuge ihren Rücken allezeit.\"
Roemer_Roem_45_11_11_So sage ich nun: Sind sie darum angelaufen, daß sie fallen sollten? Das sei ferne! Sondern aus ihrem Fall ist den Heiden das Heil widerfahren, auf daß sie denen nacheifern sollten.
Roemer_Roem_45_11_12_Denn so ihr Fall der Welt Reichtum ist, und ihr Schade ist der Heiden Reichtum, wie viel mehr, wenn ihre Zahl voll würde?
Roemer_Roem_45_11_13_Mit euch Heiden rede ich; denn dieweil ich der Heiden Apostel bin, will ich mein Amt preisen,
Roemer_Roem_45_11_14_ob ich möchte die, so mein Fleisch sind, zu eifern reizen und ihrer etliche selig machen.
Roemer_Roem_45_11_15_Denn so ihre Verwerfung der Welt Versöhnung ist, was wird ihre Annahme anders sein als Leben von den Toten?
Roemer_Roem_45_11_16_Ist der Anbruch heilig, so ist auch der Teig heilig; und so die Wurzel heilig ist, so sind auch die Zweige heilig.
Roemer_Roem_45_11_17_Ob aber nun etliche von den Zweigen ausgebrochen sind und du, da du ein wilder Ölbaum warst, bist unter sie gepfropft und teilhaftig geworden der Wurzel und des Safts im Ölbaum,
Roemer_Roem_45_11_18_so rühme dich nicht wider die Zweige. Rühmst du dich aber wider sie, so sollst du wissen, daß du die Wurzel nicht trägst, sondern die Wurzel trägt dich.
Roemer_Roem_45_11_19_So sprichst du: Die Zweige sind ausgebrochen, das ich hineingepfropft würde.
Roemer_Roem_45_11_20_Ist wohl geredet! Sie sind ausgebrochen um ihres Unglaubens willen; du stehst aber durch den Glauben. Sei nicht stolz, sondern fürchte dich.
Roemer_Roem_45_11_21_Hat Gott die natürlichen Zweige nicht verschont, daß er vielleicht dich auch nicht verschone.
Roemer_Roem_45_11_22_Darum schau die Güte und den Ernst Gottes: den Ernst an denen, die gefallen sind, die Güte aber an dir, sofern du an der Güte bleibst; sonst wirst du auch abgehauen werden.
Roemer_Roem_45_11_23_Und jene, so nicht bleiben in dem Unglauben, werden eingepfropft werden; Gott kann sie wohl wieder einpfropfen.
Roemer_Roem_45_11_24_Denn so du aus dem Ölbaum, der von Natur aus wild war, bist abgehauen und wider die Natur in den guten Ölbaum gepropft, wie viel mehr werden die natürlichen eingepropft in ihren eigenen Ölbaum.
Roemer_Roem_45_11_25_Ich will euch nicht verhalten, liebe Brüder, dieses Geheimnis (auf daß ihr nicht stolz seid): Blindheit ist Israel zum Teil widerfahren, so lange, bis die Fülle der Heiden eingegangen sei
Roemer_Roem_45_11_26_und also das ganze Israel selig werde, wie geschrieben steht: \"Es wird kommen aus Zion, der da erlöse und abwende das gottlose Wesen von Jakob.
Roemer_Roem_45_11_27_Und dies ist mein Testament mit ihnen, wenn ich ihre Sünden werde wegnehmen.\"
Roemer_Roem_45_11_28_Nach dem Evangelium sind sie zwar Feinde um euretwillen; aber nach der Wahl sind sie Geliebte um der Väter willen.
Roemer_Roem_45_11_29_Gottes Gaben und Berufung können ihn nicht gereuen.
Roemer_Roem_45_11_30_Denn gleicherweise wie auch ihr weiland nicht habt geglaubt an Gott, nun aber Barmherzigkeit überkommen habt durch ihren Unglauben,
Roemer_Roem_45_11_31_also haben auch jene jetzt nicht wollen glauben an die Barmherzigkeit, die euch widerfahren ist, auf daß sie auch Barmherzigkeit überkommen.
Roemer_Roem_45_11_32_Denn Gott hat alle beschlossen unter den Unglauben, auf daß er sich aller erbarme.
Roemer_Roem_45_11_33_O welch eine Tiefe des Reichtums, beides, der Weisheit und Erkenntnis Gottes! Wie gar unbegreiflich sind sein Gerichte und unerforschlich seine Wege!
Roemer_Roem_45_11_34_Denn wer hat des HERRN Sinn erkannt, oder wer ist sein Ratgeber gewesen?
Roemer_Roem_45_11_35_Oder wer hat ihm etwas zuvor gegeben, daß ihm werde wiedervergolten?
Roemer_Roem_45_11_36_Denn von ihm und durch ihn und zu ihm sind alle Dinge. Ihm sei Ehre in Ewigkeit! Amen.
Roemer_Roem_45_12_1_Ich ermahne euch nun, liebe Brüder, durch die Barmherzigkeit Gottes, daß ihr eure Leiber begebet zum Opfer, das da lebendig, heilig und Gott wohlgefällig sei, welches sei euer vernünftiger Gottesdienst.
Roemer_Roem_45_12_2_Und stellet euch nicht dieser Welt gleich, sondern verändert euch durch die Erneuerung eures Sinnes, auf daß ihr prüfen möget, welches da sei der gute, wohlgefällige und vollkommene Gotteswille.
Roemer_Roem_45_12_3_Denn ich sage euch durch die Gnade, die mir gegeben ist, jedermann unter euch, daß niemand weiter von sich halte, als sich's gebührt zu halten, sondern daß er von sich mäßig halte, ein jeglicher, nach dem Gott ausgeteilt hat das Maß des Glaubens.
Roemer_Roem_45_12_4_Denn gleicherweise als wir in einem Leibe viele Glieder haben, aber alle Glieder nicht einerlei Geschäft haben,
Roemer_Roem_45_12_5_also sind wir viele ein Leib in Christus, aber untereinander ist einer des andern Glied,
Roemer_Roem_45_12_6_und haben mancherlei Gaben nach der Gnade, die uns gegeben ist.
Roemer_Roem_45_12_7_Hat jemand Weissagung, so sei sie dem Glauben gemäß. Hat jemand ein Amt, so warte er des Amts. Lehrt jemand, so warte er der Lehre.
Roemer_Roem_45_12_8_Ermahnt jemand, so warte er des Ermahnens. Gibt jemand, so gebe er einfältig. Regiert jemand, so sei er sorgfältig. Übt jemand Barmherzigkeit, so tue er's mit Lust.
Roemer_Roem_45_12_9_Die Liebe sei nicht falsch. Hasset das Arge, hanget dem Guten an.
Roemer_Roem_45_12_10_Die brüderliche Liebe untereinander sei herzlich. Einer komme dem andern mit Ehrerbietung zuvor.
Roemer_Roem_45_12_11_Seid nicht träge in dem, was ihr tun sollt. Seid brünstig im Geiste. Schicket euch in die Zeit.
Roemer_Roem_45_12_12_Seid fröhlich in Hoffnung, geduldig in Trübsal, haltet an am Gebet.
Roemer_Roem_45_12_13_Nehmet euch der Notdurft der Heiligen an. Herberget gern.
Roemer_Roem_45_12_14_Segnet, die euch verfolgen; segnet und fluchet nicht.
Roemer_Roem_45_12_15_Freut euch mit den Fröhlichen und weint mit den Weinenden.
Roemer_Roem_45_12_16_Habt einerlei Sinn untereinander. Trachtet nicht nach hohen Dingen, sondern haltet euch herunter zu den Niedrigen.
Roemer_Roem_45_12_17_Haltet euch nicht selbst für klug. Vergeltet niemand Böses mit Bösem. Fleißigt euch der Ehrbarkeit gegen jedermann.
Roemer_Roem_45_12_18_Ist es möglich, soviel an euch ist, so habt mit allen Menschen Frieden.
Roemer_Roem_45_12_19_Rächet euch selber nicht, meine Liebsten, sondern gebet Raum dem Zorn Gottes; denn es steht geschrieben: \"Die Rache ist mein; ich will vergelten, spricht der HERR.\"
Roemer_Roem_45_12_20_So nun deinen Feind hungert, so speise ihn; dürstet ihn, so tränke ihn. Wenn du das tust, so wirst du feurige Kohlen auf sein Haupt sammeln.
Roemer_Roem_45_12_21_Laß dich nicht das Böse überwinden, sondern überwinde das Böse mit Gutem.
Roemer_Roem_45_13_1_Jedermann sei untertan der Obrigkeit, die Gewalt über ihn hat. Denn es ist keine Obrigkeit ohne von Gott; wo aber Obrigkeit ist, die ist von Gott verordnet.
Roemer_Roem_45_13_2_Wer sich nun der Obrigkeit widersetzt, der widerstrebt Gottes Ordnung; die aber widerstreben, werden über sich ein Urteil empfangen.
Roemer_Roem_45_13_3_Denn die Gewaltigen sind nicht den guten Werken, sondern den bösen zu fürchten. Willst du dich aber nicht fürchten vor der Obrigkeit, so tue Gutes, so wirst du Lob von ihr haben.
Roemer_Roem_45_13_4_Denn sie ist Gottes Dienerin dir zu gut. Tust du aber Böses, so fürchte dich; denn sie trägt das Schwert nicht umsonst; sie ist Gottes Dienerin, eine Rächerin zur Strafe über den, der Böses tut.
Roemer_Roem_45_13_5_Darum ist's not, untertan zu sein, nicht allein um der Strafe willen, sondern auch um des Gewissens willen.
Roemer_Roem_45_13_6_Derhalben müßt ihr auch Schoß geben; denn sie sind Gottes Diener, die solchen Schutz handhaben.
Roemer_Roem_45_13_7_So gebet nun jedermann, was ihr schuldig seid: Schoß, dem der Schoß gebührt; Zoll, dem der Zoll gebührt; Furcht, dem die Furcht gebührt; Ehre, dem die Ehre gebührt.
Roemer_Roem_45_13_8_Seid niemand nichts schuldig, als daß ihr euch untereinander liebt; denn wer den andern liebt, der hat das Gesetz erfüllt.
Roemer_Roem_45_13_9_Denn was da gesagt ist: \"Du sollst nicht ehebrechen; du sollst nicht töten; du sollst nicht stehlen; du sollst nicht falsch Zeugnis geben; dich soll nichts gelüsten\", und so ein anderes Gebot mehr ist, das wird in diesen Worten zusammengefaßt: \"Du sollst deinen Nächsten lieben wie dich selbst.\"
Roemer_Roem_45_13_10_Denn Liebe tut dem Nächsten nichts Böses. So ist nun die Liebe des Gesetzes Erfüllung.
Roemer_Roem_45_13_11_Und weil wir solches wissen, nämlich die Zeit, daß die Stunde da ist, aufzustehen vom Schlaf (sintemal unser Heil jetzt näher ist, denn da wir gläubig wurden;
Roemer_Roem_45_13_12_die Nacht ist vorgerückt, der Tag aber nahe herbeigekommen): so lasset uns ablegen die Werke der Finsternis und anlegen die Waffen des Lichtes.
Roemer_Roem_45_13_13_Lasset uns ehrbar wandeln als am Tage, nicht in Fressen und Saufen, nicht in Kammern und Unzucht, nicht in Hader und Neid;
Roemer_Roem_45_13_14_sondern ziehet an den HERRN Jesus Christus und wartet des Leibes, doch also, daß er nicht geil werde.
Roemer_Roem_45_14_1_Den Schwachen im Glauben nehmet auf und verwirrt die Gewissen nicht.
Roemer_Roem_45_14_2_Einer glaubt er möge allerlei essen; welcher aber schwach ist, der ißt Kraut.
Roemer_Roem_45_14_3_Welcher ißt, der verachte den nicht, der da nicht ißt; und welcher nicht ißt, der richte den nicht, der da ißt; denn Gott hat ihn aufgenommen.
Roemer_Roem_45_14_4_Wer bist du, daß du einen fremden Knecht richtest? Er steht oder fällt seinem HERRN. Er mag aber wohl aufgerichtet werden; denn Gott kann ihn wohl aufrichten.
Roemer_Roem_45_14_5_Einer hält einen Tag vor dem andern; der andere aber hält alle Tage gleich. Ein jeglicher sei in seiner Meinung gewiß.
Roemer_Roem_45_14_6_Welcher auf die Tage hält, der tut's dem HERRN; und welcher nichts darauf hält, der tut's auch dem HERRN. Welcher ißt, der ißt dem HERRN, denn er dankt Gott; welcher nicht ißt, der ißt dem HERRN nicht und dankt Gott.
Roemer_Roem_45_14_7_Denn unser keiner lebt sich selber, und keiner stirbt sich selber.
Roemer_Roem_45_14_8_Leben wir, so leben wir dem HERRN; sterben wir, so sterben wir dem HERRN. Darum, wir leben oder sterben, so sind wir des HERRN.
Roemer_Roem_45_14_9_Denn dazu ist Christus auch gestorben und auferstanden und wieder lebendig geworden, daß er über Tote und Lebendige HERR sei.
Roemer_Roem_45_14_10_Du aber, was richtest du deinen Bruder? Oder, du anderer, was verachtest du deinen Bruder? Wir werden alle vor den Richtstuhl Christi dargestellt werden;
Roemer_Roem_45_14_11_denn es steht geschrieben: \"So wahr ich lebe, spricht der HERR, mir sollen alle Kniee gebeugt werden, und alle Zungen sollen Gott bekennen.\"
Roemer_Roem_45_14_12_So wird nun ein jeglicher für sich selbst Gott Rechenschaft geben.
Roemer_Roem_45_14_13_Darum lasset uns nicht mehr einer den andern richten; sondern das richtet vielmehr, daß niemand seinem Bruder einen Anstoß oder Ärgernis darstelle.
Roemer_Roem_45_14_14_Ich weiß und bin gewiß in dem HERRN Jesus, daß nichts gemein ist an sich selbst; nur dem, der es rechnet für gemein, dem ist's gemein.
Roemer_Roem_45_14_15_So aber dein Bruder um deiner Speise willen betrübt wird, so wandelst du schon nicht nach der Liebe. Verderbe den nicht mit deiner Speise, um welches willen Christus gestorben ist.
Roemer_Roem_45_14_16_Darum schaffet, daß euer Schatz nicht verlästert werde.
Roemer_Roem_45_14_17_Denn das Reich Gottes ist nicht Essen und Trinken, sondern Gerechtigkeit und Friede und Freude in dem heiligen Geiste.
Roemer_Roem_45_14_18_Wer darin Christo dient, der ist Gott gefällig und den Menschen wert.
Roemer_Roem_45_14_19_Darum laßt uns dem nachstreben, was zum Frieden dient und was zur Besserung untereinander dient.
Roemer_Roem_45_14_20_Verstöre nicht um der Speise willen Gottes Werk. Es ist zwar alles rein; aber es ist nicht gut dem, der es ißt mit einem Anstoß seines Gewissens.
Roemer_Roem_45_14_21_Es ist besser, du essest kein Fleisch und trinkest keinen Wein und tust nichts, daran sich dein Bruder stößt oder ärgert oder schwach wird.
Roemer_Roem_45_14_22_Hast du den Glauben, so habe ihn bei dir selbst vor Gott. Selig ist, der sich selbst kein Gewissen macht in dem, was er annimmt.
Roemer_Roem_45_14_23_Wer aber darüber zweifelt, und ißt doch, der ist verdammt; denn es geht nicht aus dem Glauben. Was aber nicht aus dem Glauben geht, das ist Sünde.
Roemer_Roem_45_15_1_Wir aber, die wir stark sind, sollen der Schwachen Gebrechlichkeit tragen und nicht gefallen an uns selber haben.
Roemer_Roem_45_15_2_Es stelle sich ein jeglicher unter uns also, daß er seinem Nächsten gefalle zum Guten, zur Besserung.
Roemer_Roem_45_15_3_Denn auch Christus hatte nicht an sich selber Gefallen, sondern wie geschrieben steht: \"Die Schmähungen derer, die dich schmähen, sind auf mich gefallen.\"
Roemer_Roem_45_15_4_Was aber zuvor geschrieben ist, das ist uns zur Lehre geschrieben, auf daß wir durch Geduld und Trost der Schrift Hoffnung haben.
Roemer_Roem_45_15_5_Der Gott aber der Geduld und des Trostes gebe euch, daß ihr einerlei gesinnt seid untereinander nach Jesu Christo,
Roemer_Roem_45_15_6_auf daß ihr einmütig mit einem Munde lobet Gott und den Vater unseres HERRN Jesu Christi.
Roemer_Roem_45_15_7_Darum nehmet euch untereinander auf, gleichwie euch Christus hat aufgenommen zu Gottes Lobe.
Roemer_Roem_45_15_8_Ich sage aber, daß Jesus Christus sei ein Diener gewesen der Juden um der Wahrhaftigkeit willen Gottes, zu bestätigen die Verheißungen, den Vätern geschehen;
Roemer_Roem_45_15_9_daß die Heiden aber Gott loben um der Barmherzigkeit willen, wie geschrieben steht: \"Darum will ich dich loben unter den Heiden und deinem Namen singen.\"
Roemer_Roem_45_15_10_Und abermals spricht er: \"Freut euch, ihr Heiden, mit seinem Volk!\"
Roemer_Roem_45_15_11_Und abermals: \"Lobt den HERRN, alle Heiden, und preiset ihn, alle Völker!\"
Roemer_Roem_45_15_12_Und abermals spricht Jesaja: \"Es wird sein die Wurzel Jesse's, und der auferstehen wird, zu herrschen über die Heiden; auf den werden die Heiden hoffen.\"
Roemer_Roem_45_15_13_Der Gott aber der Hoffnung erfülle euch mit aller Freude und Frieden im Glauben, daß ihr völlige Hoffnung habet durch die Kraft des heiligen Geistes.
Roemer_Roem_45_15_14_Ich weiß aber gar wohl von euch, liebe Brüder, daß ihr selber voll Gütigkeit seid, erfüllt mit Erkenntnis, daß ihr euch untereinander könnet ermahnen.
Roemer_Roem_45_15_15_Ich habe es aber dennoch gewagt und euch etwas wollen schreiben, liebe Brüder, euch zu erinnern, um der Gnade willen, die mir von Gott gegeben ist,
Roemer_Roem_45_15_16_daß ich soll sein ein Diener Christi unter den Heiden, priesterlich zu warten des Evangeliums Gottes, auf daß die Heiden ein Opfer werden, Gott angenehm, geheiligt durch den heiligen Geist.
Roemer_Roem_45_15_17_Darum kann ich mich rühmen in Jesus Christo, daß ich Gott diene.
Roemer_Roem_45_15_18_Denn ich wollte nicht wagen, etwas zu reden, wo dasselbe Christus nicht durch mich wirkte, die Heiden zum Gehorsam zu bringen durch Wort und Werk,
Roemer_Roem_45_15_19_durch Kraft der Zeichen und Wunder und durch Kraft des Geistes Gottes, also daß ich von Jerusalem an und umher bis Illyrien alles mit dem Evangelium Christi erfüllt habe
Roemer_Roem_45_15_20_und mich sonderlich geflissen, das Evangelium zu predigen, wo Christi Name nicht bekannt war, auf daß ich nicht auf einen fremden Grund baute,
Roemer_Roem_45_15_21_sondern wie geschrieben steht: \"Welchen ist nicht von ihm verkündigt, die sollen's sehen, und welche nicht gehört haben, sollen's verstehen.\"
Roemer_Roem_45_15_22_Das ist auch die Ursache, warum ich vielmal verhindert worden, zu euch zu kommen.
Roemer_Roem_45_15_23_Nun ich aber nicht mehr Raum habe in diesen Ländern, habe aber Verlangen, zu euch zu kommen, von vielen Jahren her,
Roemer_Roem_45_15_24_so will ich zu euch kommen, wenn ich reisen werde nach Spanien. Denn ich hoffe, daß ich da durchreisen und euch sehen werde und von euch dorthin geleitet werden möge, so doch, daß ich zuvor mich ein wenig an euch ergötze.
Roemer_Roem_45_15_25_Nun aber fahre ich hin gen Jerusalem den Heiligen zu Dienst.
Roemer_Roem_45_15_26_Denn die aus Mazedonien und Achaja haben willig eine gemeinsame Steuer zusammengelegt den armen Heiligen zu Jerusalem.
Roemer_Roem_45_15_27_Sie haben's willig getan, und sind auch ihre Schuldner. Denn so die Heiden sind ihrer geistlichen Güter teilhaftig geworden, ist's billig, daß sie ihnen auch in leiblichen Gütern Dienst beweisen.
Roemer_Roem_45_15_28_Wenn ich nun solches ausgerichtet und ihnen diese Frucht versiegelt habe, will ich durch euch nach Spanien ziehen.
Roemer_Roem_45_15_29_Ich weiß aber, wenn ich zu euch komme, daß ich mit vollem Segen des Evangeliums Christi kommen werde.
Roemer_Roem_45_15_30_Ich ermahne euch aber, liebe Brüder, durch unsern HERRN Jesus Christus und durch die Liebe des Geistes, daß ihr helfet kämpfen mit Beten für mich zu Gott,
Roemer_Roem_45_15_31_auf daß ich errettet werde von den Ungläubigen in Judäa, und daß mein Dienst, den ich für Jerusalem tue, angenehm werde den Heiligen,
Roemer_Roem_45_15_32_auf daß ich mit Freuden zu euch komme durch den Willen Gottes und mich mit euch erquicke.
Roemer_Roem_45_15_33_Der Gott aber des Friedens sei mit euch allen! Amen.
Roemer_Roem_45_16_1_Ich befehle euch aber unsere Schwester Phöbe, welche ist im Dienste der Gemeinde zu Kenchreä,
Roemer_Roem_45_16_2_daß ihr sie aufnehmet in dem HERRN, wie sich's ziemt den Heiligen, und tut ihr Beistand in allem Geschäfte, darin sie euer bedarf; denn sie hat auch vielen Beistand getan, auch mir selbst.
Roemer_Roem_45_16_3_Grüßt die Priscilla und den Aquila, meine Gehilfen in Christo Jesu,
Roemer_Roem_45_16_4_welche haben für mein Leben ihren Hals dargegeben, welchen nicht allein ich danke, sondern alle Gemeinden unter den Heiden.
Roemer_Roem_45_16_5_Auch grüßet die Gemeinde in ihrem Hause. Grüßet Epänetus, meinen Lieben, welcher ist der Erstling unter denen aus Achaja in Christo.
Roemer_Roem_45_16_6_Grüßet Maria, welche viel Mühe und Arbeit mit uns gehabt hat.
Roemer_Roem_45_16_7_Grüßet den Andronikus und den Junias, meine Gefreundeten und meine Mitgefangenen, welche sind berühmte Apostel und vor mir gewesen in Christo.
Roemer_Roem_45_16_8_Grüßet Amplias, meinen Lieben in dem HERRN.
Roemer_Roem_45_16_9_Grüßet Urban, unsern Gehilfen in Christo, und Stachys, meinen Lieben.
Roemer_Roem_45_16_10_Grüßet Apelles, den Bewährten in Christo. Grüßet, die da sind von des Aristobulus Gesinde.
Roemer_Roem_45_16_11_Grüßet Herodian, meinen Gefreundeten. Grüßet, die da sind von des Narzissus Gesinde in dem HERRN.
Roemer_Roem_45_16_12_Grüßet die Tryphäna und die Tryphosa, welche in dem HERRN gearbeitet haben. Grüßet die Persis, meine Liebe, welch in dem HERRN viel gearbeitet hat.
Roemer_Roem_45_16_13_Grüßet Rufus, den Auserwählten in dem HERRN, und seine und meine Mutter.
Roemer_Roem_45_16_14_Grüßet Asynkritus, Phlegon, Hermas, Patrobas, Hermes und die Brüder bei ihnen.
Roemer_Roem_45_16_15_Grüßet Philologus und die Julia, Nereus und seine Schwester und Olympas und alle Heiligen bei ihnen.
Roemer_Roem_45_16_16_Grüßet euch untereinander mit dem heiligen Kuß. Es grüßen euch die Gemeinden Christi.
Roemer_Roem_45_16_17_Ich ermahne euch aber, liebe Brüder, daß ihr achtet auf die, die da Zertrennung und Ärgernis anrichten neben der Lehre, die ihr gelernt habt, und weichet von ihnen.
Roemer_Roem_45_16_18_Denn solche dienen nicht dem HERRN Jesus Christus, sondern ihrem Bauche; und durch süße Worte und prächtige Reden verführen sie unschuldige Herzen.
Roemer_Roem_45_16_19_Denn euer Gehorsam ist bei jedermann kund geworden. Derhalben freue ich mich über euch; ich will aber, daß ihr weise seid zum Guten, aber einfältig zum Bösen.
Roemer_Roem_45_16_20_Aber der Gott des Friedens zertrete den Satan unter eure Füße in kurzem. Die Gnade unsers HERRN Jesu Christi sei mit euch!
Roemer_Roem_45_16_21_Es grüßen euch Timotheus, mein Gehilfe, und Luzius und Jason und Sosipater, meine Gefreundeten.
Roemer_Roem_45_16_22_Ich, Tertius, grüße euch, der ich diesen Brief geschrieben habe, in dem HERRN.
Roemer_Roem_45_16_23_Es grüßt euch Gajus, mein und der ganzen Gemeinde Wirt. Es grüßt euch Erastus, der Stadt Rentmeister, und Quartus, der Bruder.
Roemer_Roem_45_16_24_Die Gnade unsers HERRN Jesus Christus sei mit euch allen! Amen.
Roemer_Roem_45_16_25_Dem aber, der euch stärken kann laut meines Evangeliums und der Predigt von Jesu Christo, durch welche das Geheimnis offenbart ist, das von der Welt her verschwiegen gewesen ist,
Roemer_Roem_45_16_26_nun aber offenbart, auch kundgemacht durch der Propheten Schriften nach Befehl des ewigen Gottes, den Gehorsam des Glaubens aufzurichten unter allen Heiden:
Roemer_Roem_45_16_27_demselben Gott, der allein weise ist, sei Ehre durch Jesum Christum in Ewigkeit! Amen.
