Esra_Esra_15_10_1_Im ersten Jahr des Kores, des Königs in Persien (daß erfüllt würde das Wort des HERRN durch den Mund Jeremia's geredet), erweckte der HERR den Geist des Kores, des Königs in Persien, daß er ausrufen ließ durch sein ganzes Königreich, auch durch Schrift, und sagen:
Esra_Esra_15_10_2_So spricht Kores, der König in Persien: Der HERR, der Gott des Himmels, hat mir alle Königreiche der Erde gegeben, und hat mir befohlen, ihm ein Haus zu bauen zu Jerusalem in Juda.
Esra_Esra_15_10_3_Wer nun unter euch seine Volkes ist, mit dem Sei Gott, und er ziehe hinauf gen Jerusalem in Juda und baue das Haus des HERRN, des Gottes Israels. Er ist der Gott, der zu Jerusalem ist.
Esra_Esra_15_10_4_Und wer noch übrig ist an allen Orten, da der Fremdling ist, dem sollen helfen die Leute seines Orts mit Silber und Gold, Gut und Vieh, außer dem, was sie aus freiem Willen geben zum Hause Gottes zu Jerusalem.
Esra_Esra_15_10_5_Da machten sich auf die Obersten der Vaterhäuser aus Juda und Benjamin und die Priester und Leviten, alle, deren Geist Gott erweckte, hinaufzuziehen und zu bauen das Haus des HERRN zu Jerusalem.
Esra_Esra_15_10_6_Und alle, die um sie her waren, stärkten ihre Hände mit silbernem und goldenem Geräte, mit Gut und Vieh und Kleinoden, außer dem, Was sie freiwillig gaben.
Esra_Esra_15_10_7_Und der König Kores tat heraus die Gefäße des Hauses des HERRN, die Nebukadnezar aus Jerusalem genommen hatte und in seines Gottes Haus getan hatte.
Esra_Esra_15_10_8_Aber Kores, der König in Persien, tat sie heraus durch Mithredath, den Schatzmeister; der zählte sie dar Sesbazar, dem Fürsten Juda's.
Esra_Esra_15_10_9_Und dies ist ihre Zahl: dreißig goldene Becken und tausend silberne Becken, neunundzwanzig Messer,
Esra_Esra_15_10_10_dreißig goldene Becher und der andern, silbernen Becher vierhundertundzehn und anderer Gefäße tausend,
Esra_Esra_15_10_11_daß aller Gefäße, golden und silbern, waren fünftausend und vierhundert. Alle brachte sie Sesbazar herauf mit denen, die aus der Gefangenschaft von Babel heraufzogen gen Jerusalem.
Esra_Esra_15_2_1_Dies sind die Kinder der Landschaft, die heraufzogen aus der Gefangenschaft, die Nebukadnezar, der König zu Babel, hatte gen Babel geführt und die wieder gen Jerusalem und nach Juda kamen, ein jeglicher in seine Stadt,
Esra_Esra_15_2_2_und kamen mit Serubabel, Jesua, Nehemia, Seraja, Reelaja, Mardochai, Bilsa, Mispar, Bigevai, Rehum und Baana. Dies ist nun die Zahl der Männer des Volkes Israel:
Esra_Esra_15_2_3_der Kinder Parevs zweitausend hundertundzweiundsiebzig;
Esra_Esra_15_2_4_der Kinder Sephatja dreihundert und zweiundsiebzig;
Esra_Esra_15_2_5_der Kinder Arah siebenhundert und fünfundsiebzig;
Esra_Esra_15_2_6_der Kinder Pahath-Moab, von den Kindern Jesua, Joab, zweitausend achthundertundzwölf;
Esra_Esra_15_2_7_der Kinder Elam tausend zweihundertvierundfünfzig;
Esra_Esra_15_2_8_der Kinder Satthu neunhundert und fünfundvierzig;
Esra_Esra_15_2_9_der Kinder Sakkai siebenhundert und sechzig;
Esra_Esra_15_2_10_der Kinder Bani sechshundert und zweiundvierzig;
Esra_Esra_15_2_11_der Kinder Bebai sechshundert und dreiundzwanzig;
Esra_Esra_15_2_12_der Kinder Asgad tausend zweihundert und zweiundzwanzig;
Esra_Esra_15_2_13_der Kinder Adonikam sechshundert und sechsundsechzig;
Esra_Esra_15_2_14_der Kinder Bigevai zweitausend und sechsundfünfzig;
Esra_Esra_15_2_15_der Kinder Adin vierhundert und vierundfünfzig;
Esra_Esra_15_2_16_der Kinder Ater von Hiskia achtundneunzig;
Esra_Esra_15_2_17_der Kinder Bezai dreihundert und dreiundzwanzig;
Esra_Esra_15_2_18_der Kinder Jorah hundertundzwölf;
Esra_Esra_15_2_19_der Kinder Hasum zweihundert und dreiundzwanzig;
Esra_Esra_15_2_20_der Kinder von Gibbar fünfundneunzig;
Esra_Esra_15_2_21_der Kinder von Bethlehem hundertdreiundzwanzig;
Esra_Esra_15_2_22_der Männer von Netopha sechsundfünfzig;
Esra_Esra_15_2_23_der Männer von Anathoth hundertachtundzwanzig;
Esra_Esra_15_2_24_der Kinder von Asmaveth zweihundertvierzig;
Esra_Esra_15_2_25_der Kinder von Kirjath-Arim, Kaphira und Beeroth siebenhundert und dreiundvierzig;
Esra_Esra_15_2_26_der Kinder von Rama und Geba sechshundert und einundzwanzig;
Esra_Esra_15_2_27_der Männer von Michmas hundertzweiundzwanzig;
Esra_Esra_15_2_28_der Männer von Beth-El und Ai zweihundert und dreiundzwanzig;
Esra_Esra_15_2_29_der Kinder von Nebo zweiundfünfzig;
Esra_Esra_15_2_30_der Kinder Magbis hundertsechsundfünfzig;
Esra_Esra_15_2_31_der Kinder des andern Elam tausendzweihundert und vierundfünfzig;
Esra_Esra_15_2_32_der Kinder Harim dreihundertundzwanzig;
Esra_Esra_15_2_33_der Kinder von Lod, Hadid und Ono siebenhundert und fünfundzwanzig;
Esra_Esra_15_2_34_der Kinder von Jericho dreihundert und fünfundvierzig;
Esra_Esra_15_2_35_der Kinder von Senaa dreitausend und sechshundertunddreißig.
Esra_Esra_15_2_36_Der Priester: der Kinder Jedaja vom Hause Jesua neunhundert und dreiundsiebzig;
Esra_Esra_15_2_37_der Kinder Immer tausend und zweiundfünfzig;
Esra_Esra_15_2_38_der Kinder Pashur tausendzweihundert und siebenundvierzig;
Esra_Esra_15_2_39_der Kinder Harim tausend und siebzehn.
Esra_Esra_15_2_40_Der Leviten: der Kinder Jesua und Kadmiel von den Kindern Hodavja vierundsiebzig.
Esra_Esra_15_2_41_Der Sänger: der Kinder Asaph hundertachtundzwanzig.
Esra_Esra_15_2_42_der Kinder der Torhüter: die Kinder Sallum, die Kinder Ater, die Kinder Talmon, die Kinder Akkub, die Kinder Hatita und die Kinder Sobai, allesamt hundertneununddreißig.
Esra_Esra_15_2_43_Der Tempelknechte: die Kinder Ziha, die Kinder Hasupha, die Kinder Tabbaoth,
Esra_Esra_15_2_44_die Kinder Keros, die Kinder Siaha, die Kinder Padon,
Esra_Esra_15_2_45_die Kinder Lebana, die Kinder Hagaba, die Kinder Akkub,
Esra_Esra_15_2_46_die Kinder Hagab, die Kinder Samlai, die Kinder Hanan,
Esra_Esra_15_2_47_die Kinder Giddel, die Kinder Gahar, die Kinder Reaja,
Esra_Esra_15_2_48_die Kinder Rezin, die Kinder Nekoda, die Kinder Gassam,
Esra_Esra_15_2_49_die Kinder Usa, die Kinder Paseah, die Kinder Beasi,
Esra_Esra_15_2_50_die Kinder Asna, die Kinder der Meuniter, die Kinder der Nephusiter,
Esra_Esra_15_2_51_die Kinder Bakbuk, die Kinder Hakupha, die Kinder Harhur,
Esra_Esra_15_2_52_die Kinder Bazluth, die Kinder Mehida, die Kinder Harsa,
Esra_Esra_15_2_53_die Kinder Barkos, die Kinder Sisera, die Kinder Themah,
Esra_Esra_15_2_54_die Kinder Neziah, die Kinder Hatipha.
Esra_Esra_15_2_55_Die Kinder der Knechte Salomos: Die Kinder Sotai, die Kinder Sophereth, die Kinder Peruda,
Esra_Esra_15_2_56_die Kinder Jaala, die Kinder Darkon, die Kinder Giddel,
Esra_Esra_15_2_57_die Kinder Sephatja, die Kinder Hattil, die Kinder Pochereth von Zebaim, die Kinder der Ami.
Esra_Esra_15_2_58_Aller Tempelknechte und Kinder der Knechte Salomos waren zusammen dreihundert und zweiundneunzig.
Esra_Esra_15_2_59_Und diese zogen auch mit herauf von Thel-Melah, Thel-Harsa, Cherub, Addon und Immer, aber sie konnten nicht anzeigen ihr Vaterhaus noch ihr Geschlecht, ob sie aus Israel wären:
Esra_Esra_15_2_60_die Kinder Delaja, die Kinder Tobia, die Kinder Nekoda, sechshundert und zweiundfünfzig.
Esra_Esra_15_2_61_Und von den Kindern der Priester: die Kinder Habaja, die Kinder Hakkoz, die Kinder Barsillais, der aus den Töchtern Barsillais, des Gileaditers, ein Weib nahm und ward unter ihrem Namen genannt.
Esra_Esra_15_2_62_Die suchten ihre Geburtsregister, und fanden keine; darum wurden sie untüchtig geachtet zum Priestertum.
Esra_Esra_15_2_63_Und der Landpfleger sprach zu ihnen, sie sollten nicht essen vom Hochheiligen, bis ein Priester aufstände mit dem Licht und Recht.
Esra_Esra_15_2_64_Der ganzen Gemeinde wie ein Mann waren zweiundvierzigtausend und dreihundertundsechzig.
Esra_Esra_15_2_65_ausgenommen ihre Knechte und Mägde, derer waren siebentausend dreihundert und siebenunddreißig, dazu zweihundert Sänger und Sängerinnen.
Esra_Esra_15_2_66_Und hatten siebenhundert und sechsunddreißig Rosse, zweihundert und fünfundvierzig Maultiere,
Esra_Esra_15_2_67_vierhundert und fünfunddreißig Kamele und sechstausend und siebenhundertzwanzig Esel.
Esra_Esra_15_2_68_Und etliche Oberste der Vaterhäuser, da sie kamen zum Hause des Herrn zu Jerusalem, gaben sie freiwillig zum Hause Gottes, daß man's setzte auf seine Stätte,
Esra_Esra_15_2_69_und gaben nach ihrem Vermögen zum Schatz fürs Werk einundsechzigtausend Goldgulden und fünftausend Pfund Silber und hundert Priesterröcke.
Esra_Esra_15_2_70_Also setzten sich die Priester und die Leviten und die vom Volk und die Sänger und die Torhüter und die Tempelknechte in ihre Städte und alles Israel in seine Städte.
Esra_Esra_15_3_1_Und da herbeikam der siebente Monat und die Kinder Israel nun in ihren Städten waren, kam das Volk zusammen wie ein Mann gen Jerusalem.
Esra_Esra_15_3_2_Und es machte sich auf Jesua, der Sohn Jozadaks, und seine Brüder, die Priester, und Serubabel, der Sohn Sealthiels, und seine Brüder und bauten den Altar des Gottes Israels, Brandopfer darauf zu opfern, wie es geschrieben steht im Gesetz Mose's, des Mannes Gottes,
Esra_Esra_15_3_3_und richteten zu den Altar auf seine Stätte (denn es war ein Schrecken unter ihnen vor den Völkern in den Ländern) und opferten dem HERRN Brandopfer darauf des Morgens und des Abends.
Esra_Esra_15_3_4_Und hielten der Laubhütten Fest, wie geschrieben steht, und taten Brandopfer alle Tage nach der Zahl, wie sich's gebührt, einen jeglichen Tag sein Opfer,
Esra_Esra_15_3_5_darnach auch die täglichen Brandopfer und der Neumonde und aller Festtage des HERRN, die geheiligt sind, und allerlei freiwillige Opfer, die sie dem HERRN freiwillig taten.
Esra_Esra_15_3_6_Am ersten Tage des siebenten Monats fingen sie an, dem HERRN Brandopfer zu tun. Aber der Grund des Tempels war noch nicht gelegt.
Esra_Esra_15_3_7_Sie gaben aber Geld den Steinmetzen und Zimmerleuten und Speise und Trank und Öl denen zu Sidon und zu Tyrus, daß sie Zedernholz vom Libanon aufs Meer gen Japho brächten nach dem Befehl des Kores, des Königs in Persien, an sie.
Esra_Esra_15_3_8_Im zweiten Jahr ihrer Ankunft am Hause Gottes zu Jerusalem, im zweiten Monat, fingen an Serubabel, der Sohn Sealthiels, und Jesua, der Sohn Jozadaks, und die übrigen ihrer Brüder, Priester und Leviten, und alle, die aus der Gefangenschaft gekommen waren gen und bestellten die Leviten von zwanzig Jahren und darüber, zu treiben das Werk am Hause des HERRN.
Esra_Esra_15_3_9_Und Jesua stand mit seinen Söhnen und Brüdern und Kadmiel mit seinen Söhnen, die Kinder Juda, wie ein Mann, vorzustehen den Arbeitern am Hause Gottes, desgleichen die Kinder Henadad mit ihren Kindern und Brüdern, den Leviten.
Esra_Esra_15_3_10_Und da die Bauleute den Grund legten am Tempel des HERRN, standen die Priester in ihren Kleidern mit Drommeten und die Leviten, die Kinder Asaph, mit Zimbeln, zu loben den HERRN mit dem Gedicht Davids, des Königs über Israel,
Esra_Esra_15_3_11_und sangen umeinander und lobten und dankten dem HERRN, daß er gütig ist und seine Barmherzigkeit ewiglich währet über Israel. Und alles Volk jauchzte laut beim Lobe des HERRN, daß der Grund am Hause des HERRN gelegt war.
Esra_Esra_15_3_12_Aber viele der alten Priester und Leviten und Obersten der Vaterhäuser, die das vorige Haus gesehen hatten, da nun dies Haus vor ihren Augen gegründet ward, weinten sie laut. Viele aber jauchzten mit Freuden, daß das Geschrei hoch erscholl,
Esra_Esra_15_3_13_also daß das Volk nicht unterscheiden konnte das Jauchzen mit Freuden und das laute Weinen im Volk; denn das Volk jauchzte laut, daß man das Geschrei ferne hörte.
Esra_Esra_15_4_1_Da aber die Widersacher Juda's und Benjamins hörten, daß die Kinder der Gefangenschaft dem HERRN, dem Gott Israels, den Tempel bauten,
Esra_Esra_15_4_2_kamen sie zu Serubabel und zu den Obersten der Vaterhäuser und sprachen zu ihnen: Wir wollen mit euch bauen; denn wir suchen euren Gott gleichwie ihr, und wir haben ihm geopfert, seit der Zeit da Asar-Haddon, der König von Assyrien, uns hat heraufgebracht.
Esra_Esra_15_4_3_Aber Serubabel und Jesua und die andern Obersten der Vaterhäuser in Israel antworteten ihnen: Es ziemt sich nicht, uns und euch, das Haus unsers Gottes zu bauen; sondern wir wollen allein bauen dem HERRN, dem Gott Israels, wie uns Kores, der König in Persien, geboten hat.
Esra_Esra_15_4_4_Da hinderte das Volk im Lande die Hand des Volkes Juda und schreckten sie ab im Bauen
Esra_Esra_15_4_5_und dingten Ratgeber wider sie und verhinderten ihren Rat, solange Kores, der König in Persien, lebte, bis an das Königreich Darius, des Königs in Persien.
Esra_Esra_15_4_6_Und da Ahasveros König ward, im Anfang seines Königreichs, schrieben sie eine Anklage wider die von Juda und Jerusalem.
Esra_Esra_15_4_7_Und zu den Zeiten Arthahsasthas schrieb Bislam, Mithredath, Tabeel und die andern ihres Rats an Arthahsastha, den König in Persien. Die Schrift aber des Briefes war syrisch, und er war auf syrisch verdolmetscht.
Esra_Esra_15_4_8_Rehum, der Kanzler, und Simsai, der Schreiber schrieben diesen Brief wider Jerusalem an Arthahsastha, den König:
Esra_Esra_15_4_9_Wir, Rehum, der Kanzler, und Simsai, der Schreiber, und die andern des Rats: die von Dina, von Arpharsach, von Tarpal, von Persien, von Erech, von Babel, von Susan, von Deha und von Elam,
Esra_Esra_15_4_10_und die andern Völker, welche der große und berühmte Asnaphar herübergebracht und gesetzt hat in die Stadt Samaria und in die andern Orte diesseits des Wassers, und so fort.
Esra_Esra_15_4_11_Und dies ist der Inhalt des Briefes, den sie dem König Arthahsastha sandten: Deine Knechte, die Männer diesseits des Wassers, und so fort.
Esra_Esra_15_4_12_Es sei kund dem König, daß die Juden, die von dir zu uns heraufgekommen sind gen Jerusalem, in die aufrührerische und böse Stadt, bauen sie und machen ihre Mauern und führen sie aus dem Grunde.
Esra_Esra_15_4_13_So sei nun dem König kund: Wo diese Stadt gebaut wird und die Mauern wieder gemacht, so werden sie Schoß, Zoll und jährliche Zinse nicht geben, und ihr Vornehmen wird den Königen Schaden bringen.
Esra_Esra_15_4_14_Nun wir aber das Salz des Königshauses essen und die Schmach des Königs nicht länger wollen sehen, darum schicken wir hin und lassen es den König zu wissen tun,
Esra_Esra_15_4_15_daß man lasse suchen in den Chroniken deiner Väter; so wirst du finden in denselben Chroniken und erfahren, daß diese Stadt aufrührerisch und schädlich ist den Königen und Landen und macht, daß andere auch abfallen, von alters her, darum die Stadt auch zerstört ist.
Esra_Esra_15_4_16_Darum tun wir dem König zu wissen, daß, wo diese Stadt gebaut wird und ihre Mauern gemacht, so wirst du vor ihr nichts behalten diesseits des Wassers.
Esra_Esra_15_4_17_Da sandte der König ein Antwort an Rehum, den Kanzler, und Simsai, den Schreiber, und die andern ihres Rates, die in Samaria wohnten und in den andern Orten jenseits des Wassers: Friede und Gruß!
Esra_Esra_15_4_18_der Brief, den ihr uns zugeschickt habt, ist deutlich vor mir gelesen.
Esra_Esra_15_4_19_Und ist von mir befohlen, daß man suchen sollte. Und man hat gefunden, daß diese Stadt von alters her wider die Könige sich empört hat und Aufruhr und Abfall darin geschieht.
Esra_Esra_15_4_20_Auch sind mächtige Könige zu Jerusalem gewesen, die geherrscht haben über alles, was jenseits des Wassers ist, daß ihnen Zoll, Schoß und jährliche Zinse gegeben wurden.
Esra_Esra_15_4_21_So tut nun nach diesem Befehl: Wehrt denselben Männern, daß diese Stadt nicht gebaut werde, bis daß von mir der Befehl gegeben werde.
Esra_Esra_15_4_22_So seht nun zu, daß ihr nicht lässig hierin seid, damit nicht größerer Schade entstehe dem König!
Esra_Esra_15_4_23_Da nun der Brief des Königs Arthahsastha gelesen ward vor Rehum und Simsai, dem Schreiber, und ihrem Rat, zogen sie eilend hinauf gen Jerusalem zu den Juden und wehrten ihnen mit Arm und Gewalt.
Esra_Esra_15_4_24_Da hörte auf das Werk am Hause Gottes zu Jerusalem und blieb nach bis ins zweite Jahr des darius, des Königs in Persien.
Esra_Esra_15_5_1_Es weissagten aber die Propheten Haggai und Sacharja, der Sohn Iddos, den Juden, die in Juda und Jerusalem waren, im Namen des Gottes Israels.
Esra_Esra_15_5_2_Da machten sich auf Serubabel, der Sohn Sealthiels, und Jesua, der Sohn Jozadaks, und fingen an zu bauen das Haus Gottes zu Jerusalem, und mit ihnen die Propheten Gottes, die sie stärkten.
Esra_Esra_15_5_3_Zu der Zeit kam Thathnai, der Landpfleger diesseits des Wassers, und Sethar-Bosnai und ihr Rat und sprachen also zu ihnen: Wer hat euch befohlen, dies Haus zu bauen und seine Mauern zu machen?
Esra_Esra_15_5_4_Da sagten wir ihnen, wie die Männer hießen, die diesen Bau taten.
Esra_Esra_15_5_5_Aber das Auge ihres Gottes war über den Ältesten der Juden, daß ihnen nicht gewehrt ward, bis daß man die Sache an Darius gelangen ließ und darüber eine Schrift wiederkäme.
Esra_Esra_15_5_6_Dies ist aber der Inhalt des Briefes Thathnais, des Landpflegers diesseits des Wassers, und Sethar-Bosnais und ihres Rats, derer von Apharsach, die diesseits des Wassers waren, an den König Darius.
Esra_Esra_15_5_7_Und die Worte die sie zu ihm sandten, lauteten also: Dem König Darius allen Frieden!
Esra_Esra_15_5_8_Es sei kund dem König, daß wir ins jüdische Land gekommen sind zu dem Hause des großen Gottes, welches man baut mit behauenen Steinen, und Balken legt man in die Wände, und das Werk geht frisch vonstatten unter ihrer Hand.
Esra_Esra_15_5_9_Wir aber haben die Ältesten gefragt und zu ihnen gesagt also: Wer hat euch befohlen, dies Haus zu bauen und seine Mauern zu machen?
Esra_Esra_15_5_10_Auch fragten wir, wie sie hießen, auf daß wir sie dir kundtäten und die Namen der Männer aufschrieben, die ihre Obersten waren.
Esra_Esra_15_5_11_Sie aber gaben uns solche Worte zur Antwort und sprachen: Wir sind Knechte des Gottes im Himmel und der Erde und bauen das Haus, das vormals vor vielen Jahren gebaut war, das ein großer König Israels gebaut hat und aufgerichtet.
Esra_Esra_15_5_12_Da aber unsre Väter den Gott des Himmels erzürnten, gab er sie in die Hand Nebukadnezars, des Königs zu Babel, des Chaldäers; der zerbrach dies Haus und führte das Volk weg gen Babel.
Esra_Esra_15_5_13_Aber im ersten Jahr des Kores, des Königs zu Babel, befahl derselbe König Kores, dies Haus Gottes zu bauen.
Esra_Esra_15_5_14_Denn auch die goldenen und silbernen Gefäße im Hause Gottes, die Nebukadnezar aus dem Tempel zu Jerusalem nahm und brachte sie in den Tempel zu Babel, nahm der König Kores aus dem Tempel zu Babel und gab sie Sesbazar mit Namen, den er zum Landpfleger setzte,
Esra_Esra_15_5_15_und sprach zu ihm: Diese Gefäße nimm, zieh hin und bringe sie in den Tempel zu Jerusalem und laß das Haus Gottes bauen an seiner Stätte.
Esra_Esra_15_5_16_Da kam derselbe Sesbazar und legte den Grund am Hause Gottes zu Jerusalem. Seit der Zeit baut man, und es ist noch nicht vollendet.
Esra_Esra_15_5_17_Gefällt es nun dem König, so lasse er suchen in dem Schatzhause des Königs, das zu Babel ist, ob's von dem König Kores befohlen sei, das Haus Gottes zu Jerusalem zu bauen, und sende zu uns des Königs Meinung darüber.
Esra_Esra_15_6_1_Da befahl der König Darius, daß man suchen sollte in der Kanzlei im Schatzhause des Königs, die zu Babel lag.
Esra_Esra_15_6_2_da fand man zu Ahmetha im Schloß das in Medien Liegt, ein Buch und stand also darin eine Geschichte geschrieben:
Esra_Esra_15_6_3_Im ersten Jahr des Königs Kores befahl der König Kores, das Haus Gottes zu Jerusalem zu bauen als eine Stätte, da man opfert und den Grund zu legen; zur Höhe sechzig Ellen und zur Weite auch sechzig Ellen;
Esra_Esra_15_6_4_und drei Reihen von behauenen Steinen und eine Reihe von Holz; und die Kosten sollen vom Hause des Königs gegeben werden;
Esra_Esra_15_6_5_dazu die goldenen und silbernen Gefäße des Hauses Gottes, die Nebukadnezar aus dem Tempel zu Jerusalem genommen und gen Babel gebracht hat, soll man wiedergeben, daß sie wiedergebracht werden in den Tempel zu Jerusalem an ihre Statt im Hause Gottes.
Esra_Esra_15_6_6_So haltet euch nun fern von ihnen, du, Thathnai, Landpfleger jenseits des Wassers, und Sethar-Bosnai und ihr andern des Rats, ihr von Apharsach, die ihr jenseits des Wassers seid.
Esra_Esra_15_6_7_Laßt sie arbeiten am Hause Gottes, daß der Juden Landpfleger und ihre Ältesten das Haus Gottes bauen an seine Stätte.
Esra_Esra_15_6_8_Auch ist von mir befohlen, was man den Ältesten der Juden tun soll, zu bauen das Haus Gottes; nämlich, daß man aus des Königs Gütern von den Renten jenseits des Wassers mit Fleiß nehme und gebe es den Leuten und daß man ihnen nicht wehre;
Esra_Esra_15_6_9_und wenn sie bedürfen junge Farren, Widder oder Lämmer zum Brandopfer dem Gott des Himmels, Weizen, Salz, Wein und Öl, nach dem Wort der Priester zu Jerusalem soll man ihnen geben jeglichen Tag seine Gebühr, und daß solches nicht lässig geschehe! -,
Esra_Esra_15_6_10_daß sie opfern zum süßen Geruch dem Gott des Himmels und bitten für das Leben des Königs und seiner Kinder.
Esra_Esra_15_6_11_Von mir ist solcher Befehl geschehen. Und welcher Mensch diese Worte verändert, von des Hause soll man einen Balken nehmen und aufrichten und ihn daran hängen, und sein Haus soll dem Gericht verfallen sein um der Tat willen.
Esra_Esra_15_6_12_Der Gott aber, der seinen Namen daselbst wohnen läßt, bringe um alle Könige und jegliches Volk, das seine Hand ausreckt, daran zu ändern und zu brechen das Haus Gottes in Jerusalem. Ich, Darius, habe dies befohlen, daß es mit Fleiß getan werde.
Esra_Esra_15_6_13_Das taten mit Fleiß Thathnai, der Landpfleger jenseits des Wassers, und Sethar-Bosnai mit ihrem Rat, zu welchem der König Darius gesandt hatte.
Esra_Esra_15_6_14_Und die Ältesten der Juden bauten; und es ging vonstatten durch die Weissagung der Propheten Haggai und Sacharja, des Sohnes Iddos, und sie bauten und richteten auf nach dem Befehl des Gottes Israels und nach dem Befehl des Kores, Darius und Arthahsastha, der Könige in Persien,
Esra_Esra_15_6_15_und vollendeten das Haus bis an den dritten Tag des Monats Adar, das war das sechste Jahr des Königreichs des Königs Darius.
Esra_Esra_15_6_16_Und die Kinder Israel, die Priester, die Leviten und die andern Kinder der Gefangenschaft hielten Einweihung des Hauses Gotte mit Freuden
Esra_Esra_15_6_17_und opferten auf die Einweihung des Hauses Gottes hundert Farren, zweihundert Widder, vierhundert Lämmer und zum Sündopfer für ganz Israel zwölf Ziegenböcke nach der Zahl der Stämme Israels
Esra_Esra_15_6_18_und bestellten die Priester und die Leviten in ihren Ordnungen, zu dienen Gott, der zu Jerusalem ist, wie es geschrieben steht im Buch Mose's.
Esra_Esra_15_6_19_Und die Kinder der Gefangenschaft hielten Passah am vierzehnten Tage des ersten Monats;
Esra_Esra_15_6_20_Denn die Priester und Leviten hatten sich gereinigt wie ein Mann, daß sie alle rein waren, und schlachteten das Passah für alle Kinder der Gefangenschaft und für ihre Brüder, die Priester und für sich.
Esra_Esra_15_6_21_Und die Kinder Israel, die aus der Gefangenschaft waren wiedergekommen, und alle, die sich zu ihnen abgesondert hatten von der Unreinigkeit der Heiden im Lande, zu suchen den HERRN, den Gott Israels, aßen
Esra_Esra_15_6_22_und hielten das Fest der ungesäuerten Brote sieben Tage mit Freuden; denn der HERR hatte sie fröhlich gemacht und das Herz des Königs von Assyrien zu ihnen gewandt, daß sie gestärkt würden im Werk am Hause Gottes, der der Gott Israels ist.
Esra_Esra_15_7_1_Nach diesen Geschichten, da Arthahsastha, der König in Persien, regierte, zog herauf von Babel Esra, der Sohn Serajas, des Sohnes Asarjas, des Sohnes Hilkias,
Esra_Esra_15_7_2_des Sohnes Sallum, des Sohnes Zadoks, des Sohnes Ahitobs,
Esra_Esra_15_7_3_des Sohnes Amarjas, des Sohnes Asarjas, des Sohnes Merajoths,
Esra_Esra_15_7_4_des Sohnes Serahjas, des Sohnes Usis, des Sohnes Bukkis,
Esra_Esra_15_7_5_des Sohnes Abisuas, des Sohnes Pinehas, des Sohnes Eleasars, des Sohnes Aarons, des obersten Priesters.
Esra_Esra_15_7_6_Esra aber war ein geschickter Schriftgelehrter im Gesetz Mose's, das der HERR, der Gott Israels gegeben hatte. Und der König gab ihm alles, was er forderte, nach der Hand des HERRN, seines Gottes, über ihm.
Esra_Esra_15_7_7_Und es zogen herauf etliche der Kinder Israel und der Priester und der Leviten, der Sänger, der Torhüter und der Tempelknechte gen Jerusalem, im siebenten Jahr Arthahsasthas, des Königs.
Esra_Esra_15_7_8_Und er kam gen Jerusalem im fünften Monat, nämlich des siebenten Jahres des Königs.
Esra_Esra_15_7_9_Denn am ersten Tage des ersten Monats ward er Rats, heraufzuziehen von Babel, und am ersten Tage des fünften Monats kam er gen Jerusalem nach der guten Hand Gottes über ihm.
Esra_Esra_15_7_10_Denn Esra schickte sein Herz, zu suchen das Gesetz des HERRN und zu tun, und zu lehren in Israel Gebote und Rechte.
Esra_Esra_15_7_11_Und dies ist der Inhalt des Briefes, den der König Arthahsastha gab Esra, dem Priester, dem Schriftgelehrten, der ein Lehrer war in den Worten des HERRN und seiner Gebote über Israel:
Esra_Esra_15_7_12_Arthahsastha, König aller Könige, Esra, dem Priester und Schriftgelehrten im Gesetz des Gottes des Himmels, Friede und Gruß!
Esra_Esra_15_7_13_Von mir ist befohlen, daß alle, die da willig sind in meinem Reich, des Volkes Israel und der Priester und Leviten, gen Jerusalem zu ziehen, daß die mit dir ziehen,
Esra_Esra_15_7_14_dieweil du vom König und seinen sieben Ratsherren gesandt bist, zu besichtigen Juda und Jerusalem nach dem Gesetz Gottes, das unter deiner Hand ist,
Esra_Esra_15_7_15_und hinzubringen Silber und Gold, das der König und seine Ratsherren freiwillig geben dem Gott Israels, des Wohnung zu Jerusalem ist,
Esra_Esra_15_7_16_und allerlei Silber und Gold, das du finden kannst in der ganzen Landschaft Babel, mit dem, was das Volk und die Priester freiwillig geben zum Hause ihres Gottes zu Jerusalem.
Esra_Esra_15_7_17_Alles das nimm und kaufe mit Fleiß von dem Gelde Farren, Widder, Lämmer und die Speisopfer und Trankopfer dazu, daß man opfere auf dem Altar beim Hause eures Gottes zu Jerusalem.
Esra_Esra_15_7_18_Dazu was dir und deinen Brüdern mit dem übrigen Gelde zu tun gefällt, das tut nach dem Willen eures Gottes.
Esra_Esra_15_7_19_Und die Gefäße, die dir gegeben sind zum Amt im Hause Gottes, überantworte vor Gott zu Jerusalem.
Esra_Esra_15_7_20_Auch was mehr not sein wird zum Hause deines Gottes, das dir vorfällt auszugeben, das laß geben aus der Kammer des Königs.
Esra_Esra_15_7_21_Ich, König Arthahsastha, habe dies befohlen den Schatzmeistern jenseit des Wassers, daß, was Esra von euch fordern wird, der Priester und Schriftgelehrte im Gesetz des Gottes des Himmels, daß ihr das fleißig tut,
Esra_Esra_15_7_22_bis auf hundert Zentner Silber und auf hundert Kor Weizen und auf hundert Bath Wein und auf hundert Bath Öl und salz ohne Maß.
Esra_Esra_15_7_23_Alles was gehört zum Gesetz des Gottes des Himmels, daß man dasselbe fleißig tue zum Hause des Gottes des Himmels, daß nicht ein Zorn komme über das Königreich des Königs und seiner Kinder.
Esra_Esra_15_7_24_Und euch sei kund, daß ihr nicht Macht habt, Zins, Zoll und jährliche Rente zu legen auf irgend einen Priester, Leviten, Sänger, Torhüter, Tempelknecht und Diener im Hause dieses Gottes.
Esra_Esra_15_7_25_Du aber, Esra, nach der Weisheit deines Gottes, die unter deiner Hand ist, setze Richter und Pfleger, die alles Volk richten, das jenseit des Wassers ist, alle, die das Gesetz deines Gottes wissen; und welche es nicht wissen, die lehret es.
Esra_Esra_15_7_26_Und ein jeglicher, der nicht mit Fleiß tun wird das Gesetz deines Gottes und das Gesetz des Königs, der soll sein Urteil um der Tat willen haben, es sei zum Tod oder in die Acht oder zur Buße am Gut oder ins Gefängnis.
Esra_Esra_15_7_27_Gelobt sei der HERR, unsrer Väter Gott, der solches hat dem König eingegeben, daß er das Haus des HERRN zu Jerusalem ziere,
Esra_Esra_15_7_28_und hat zu mir Barmherzigkeit geneigt vor dem König und seinen Ratsherren und allen Gewaltigen des Königs! Und ich ward getrost nach der Hand des HERRN, meines Gottes, über mir und versammelte Häupter aus Israel, daß sie mit mir hinaufzögen.
Esra_Esra_15_8_1_Dies sind die Häupter ihrer Vaterhäuser und ihr Geschlecht, die mit mir heraufzogen von Babel zu den Zeiten, da der König Arthahsastha regierte:
Esra_Esra_15_8_2_Von den Kindern Pinhas: Gersom; von den Kinder Ithamar: Daniel; von den Kindern David: Hattus,
Esra_Esra_15_8_3_von den Kindern Sechanja; von den Kindern Pareos: Sacharja und mit ihm Mannsbilder, gerechnet hundertfünfzig;
Esra_Esra_15_8_4_von den Kindern Pahath-Moab: Eljoenai, der Sohn Serahjas, und mit ihm zweihundert Mannsbilder;
Esra_Esra_15_8_5_von den Kindern Satthu: Sechanja, der Sohn Jahasiels, und mit ihm dreihundert Mannsbilder;
Esra_Esra_15_8_6_von den Kindern Adin: Ebed, der Sohn Jonathan, und mit ihm fünfzig Mannsbilder;
Esra_Esra_15_8_7_von den Kindern Elam: Jesaja, der Sohn Athaljas, und mit ihm siebzig Mannsbilder;
Esra_Esra_15_8_8_von den Kindern Sephatja: Sebadja, der Sohn Michaels und mit ihm achtzig Mannsbilder;
Esra_Esra_15_8_9_von den Kindern Joab: Obadja, der Sohn Jehiels, und mit ihm zweihundertachtzehn Mannsbilder;
Esra_Esra_15_8_10_von den Kindern Bani: Selomith, der Sohn Josiphjas, und mit ihm hundertsechzig Mannsbilder;
Esra_Esra_15_8_11_von den Kindern Bebai: Sacharja, der Sohn Bebais, und mit ihm achtundzwanzig Mannsbilder;
Esra_Esra_15_8_12_von den Kindern Asgad: Johanan, der Sohn Hakkatans, und mit ihm hundertundzehn Mannsbilder;
Esra_Esra_15_8_13_von den Kindern Adonikams die letzten, und hießen also: Eliphelet, Jeiel und Semaja, und mit ihnen sechzig Mannsbilder;
Esra_Esra_15_8_14_von den Kindern Bigevai: Uthai und Sabbud und mit ihnen siebzig Mannsbilder.
Esra_Esra_15_8_15_Und ich versammelte sie ans Wasser, das gen Ahava kommt; und wir bleiben drei Tage daselbst. Und da ich achthatte aufs Volk und die Priester, fand ich keine Leviten daselbst.
Esra_Esra_15_8_16_Da sandte ich hin Elieser, Ariel, Semaja, Elnathan, Jarib, Elnathan, Nathan, Sacharja und Mesullam, die Obersten, und Jojarib und Elnathan, die Lehrer,
Esra_Esra_15_8_17_und sandte sie aus zu Iddo, dem Obersten, gen Kasphia, daß sie uns holten Diener für das Haus unsers Gottes. Und ich gab ihnen ein, was sie reden sollten mit Iddo und seinen Brüdern, den Tempelknechten, zu Kasphia.
Esra_Esra_15_8_18_Und sie brachten uns, nach der guten Hand unsres Gottes über uns, einen klugen Mann aus den Kindern Maheli, des Sohnes Levis, des Sohnes Israels, und Serebja mit seinen Söhnen und Brüdern, achtzehn,
Esra_Esra_15_8_19_und Hasabja und mit ihm Jesaja von den Kindern Merari mit seinen Brüdern und ihren Söhnen, zwanzig,
Esra_Esra_15_8_20_und von den Tempelknechten, die David und die Fürsten gaben, zu dienen den Leviten, zweihundertundzwanzig, alle mit Namen genannt.
Esra_Esra_15_8_21_Und ich ließ daselbst am Wasser bei Ahava ein Fasten ausrufen, daß wir uns demütigten vor unserm Gott, zu suchen von ihm einen richtigen Weg für uns und unsre Kinder und alle unsre Habe.
Esra_Esra_15_8_22_Denn ich schämte mich vom König Geleit und Reiter zu fordern, uns wider die Feinde zu helfen auf dem Wege. Denn wir hatten dem König gesagt: Die Hand unsres Gottes ist zum Besten über alle, die ihn suchen, und seine Stärke und Zorn über alle, die ihn verlassen.
Esra_Esra_15_8_23_Also fasteten wir und suchten solches von unserm Gott, und er hörte uns.
Esra_Esra_15_8_24_Und ich sonderte zwölf aus von den obersten Priestern, dazu Serebja und Hasabja und mit ihnen ihrer Brüder zehn,
Esra_Esra_15_8_25_und wog ihnen dar das Silber und Gold und die Gefäße zur Hebe für das Haus unsres Gottes, welche der König und seine Ratsherren und Fürsten und ganz Israel, das vorhanden war, zur Hebe gegeben hatten.
Esra_Esra_15_8_26_Und wog ihnen dar unter ihre Hand sechshundertundfünfzig Zentner Silber und an silbernen Gefäßen hundert zentner und an Gold hundert Zentner,
Esra_Esra_15_8_27_zwanzig goldene Becher, tausend Goldgulden wert, und zwei eherne, köstliche Gefäße, lauter wie Gold.
Esra_Esra_15_8_28_Und sprach zu ihnen: Ihr seid heilig dem HERRN, so sind die Gefäße auch heilig; dazu das frei gegebene Silber und Gold dem HERRN, eurer Väter Gott.
Esra_Esra_15_8_29_So wacht und bewahrt es, bis daß ihr's darwägt vor den Obersten Priestern und Leviten und den Obersten der Vaterhäuser in Israel zu Jerusalem in die Kammer des Hauses des HERRN.
Esra_Esra_15_8_30_Da nahmen die Priester und Leviten das gewogene Silber und Gold und die Gefäße, daß sie es brächten gen Jerusalem zum Hause unsres Gottes.
Esra_Esra_15_8_31_Also brachen wir auf von dem Wasser Ahava am zwölften Tage des ersten Monats, daß wir gen Jerusalem zögen. Und die Hand unsres Gottes war über uns und errettete uns von der Hand der Feinde und derer, die uns nachstellten auf dem Wege.
Esra_Esra_15_8_32_Und wir kamen gen Jerusalem und blieben daselbst drei Tage.
Esra_Esra_15_8_33_Aber am vierten Tage wurden dargewogen das Silber und Gold und die Gefäße ins Haus unsres Gottes unter die Hand des Priesters Meremoth, des Sohnes Urias, und mit ihm Eleasar, dem Sohn Pinehas, und mit ihnen Josabad, dem Sohn Jesuas, und Noadja, dem Sohn Binnuis, den Leviten,
Esra_Esra_15_8_34_nach Zahl und Gewicht eines jeglichen; und das Gewicht ward zu der Zeit alles aufgeschrieben.
Esra_Esra_15_8_35_Und die Kinder der Gefangenschaft, die aus der Gefangenschaft gekommen waren, opferten Brandopfer dem Gott Israels: zwölf Farren für das ganze Israel, sechsundneunzig Widder, siebenundsiebzig Lämmer, zwölf Böcke zum Sündopfer, alles zum Brandopfer dem HERRN.
Esra_Esra_15_8_36_Und sie überantworteten des Königs Befehle den Amtleuten des Königs und den Landpflegern diesseit des Wassers. Und diese halfen dem Volk und dem Hause Gottes.
Esra_Esra_15_9_1_Da das alles war ausgerichtet, traten zu mir die Obersten und sprachen: Das Volk Israel und die Priester und Leviten sind nicht abgesondert von den Völkern in den Ländern nach ihren Greueln, nämlich die Kanaaniter, Hethiter, Pheresiter, Jebusiter, Ammoniter, Moabiter, Ägypter und Amoriter;
Esra_Esra_15_9_2_denn sie haben derselben Töchter genommen sich und ihren Söhnen und den heiligen Samen gemein gemacht mit den Völkern in den Ländern. Und die Hand der Obersten und Ratsherren war die vornehmste in dieser Missetat.
Esra_Esra_15_9_3_Da ich solches hörte, zerriß ich mein Kleid und meinen Rock und raufte mein Haupthaar und Bart aus und saß bestürzt.
Esra_Esra_15_9_4_Und es versammelten sich zu mir alle, die des HERRN Wort, des Gottes Israels, fürchteten, um der Vergreifung willen derer, die gefangen gewesen waren; und ich saß bestürzt bis an das Abendopfer.
Esra_Esra_15_9_5_Und um das Abendopfer stand ich auf von meinem Elend und zerriß mein Kleid und meinen Rock und fiel auf meine Kniee und breitete meine Hände aus zu dem HERRN, meinem Gott,
Esra_Esra_15_9_6_und sprach: Mein Gott, ich schäme mich und scheue mich, meine Augen aufzuheben zu dir, mein Gott; denn unsre Missetat ist über unser Haupt gewachsen und unsre Schuld ist groß bis in den Himmel.
Esra_Esra_15_9_7_Von der Zeit unsrer Väter an sind wir in großer Schuld gewesen bis auf diesen Tag, und um unsrer Missetat willen sind wir und unsre Könige und Priester gegeben in die Hand der Könige in den Ländern, ins Schwert, ins Gefängnis in Raub und in Scham des Angesichts, wie es heutigestages geht.
Esra_Esra_15_9_8_Nun aber ist einen kleinen Augenblick Gnade von dem HERRN, unserm Gott, geschehen, daß uns noch Entronnene übriggelassen sind, daß er uns gebe einen Nagel an seiner heiligen Stätte, daß unser Gott unsre Augen erleuchte und gebe uns ein wenig Leben, da wir Knechte sind.
Esra_Esra_15_9_9_Denn wir sind Knechte, und unser Gott hat uns nicht verlassen, ob wir Knechte sind, und hat Barmherzigkeit zu uns geneigt vor den Königen in Persien, daß sie uns das Leben gelassen haben und erhöht das Haus unsers Gottes und aufgerichtet seine Verstörung und uns gegeben einen Zaun in Juda und Jerusalem.
Esra_Esra_15_9_10_Nun, was sollen wir sagen, unser Gott, nach diesem, daß wir deine Gebote verlassen haben,
Esra_Esra_15_9_11_die du durch deine Knechte, die Propheten, geboten hast und gesagt: Das Land, darein ihr kommt, es zu erben, ist ein unreines Land durch die Unreinigkeit der Völker in den Ländern in ihren Greueln, womit sie es an allen Enden voll Unreinigkeit gemacht haben.
Esra_Esra_15_9_12_So sollt ihr nun eure Töchter nicht geben ihren Söhnen, und ihre Töchter sollt ihr euren Söhnen nicht nehmen; und sucht nicht ihren Frieden noch ihr Gutes ewiglich, auf daß ihr mächtig werdet und esset das Gute im Lande und vererbt es auf eure Kinder ewiglich.
Esra_Esra_15_9_13_Und nach dem allem, was über uns gekommen ist um unsrer bösen Werke großer Schuld willen, hast du, unser Gott, unsre Missetat verschont und hast uns eine Errettung gegeben, wie es da steht.
Esra_Esra_15_9_14_Sollten wir wiederum deine Gebote lassen fahren, daß wir uns mit den Völkern dieser Greuel befreundeten? Wirst du nicht über uns zürnen, bis daß es ganz aus sei, daß nichts Übriges noch keine Errettung sei?
Esra_Esra_15_9_15_HERR, Gott Israels, du bist gerecht; denn wir sind übriggeblieben als Errettete, wie es heute steht. Siehe, wir sind vor dir in unsrer Schuld; denn um deswillen ist nicht zu bestehen vor dir.
Esra_Esra_15_10_1_Und da Esra also betete und bekannte, weinte und vor dem Hause Gottes lag, sammelten sich zu ihm aus Israel eine sehr große Gemeinde von Männern und Weibern und Kindern; denn das Volk weinte sehr.
Esra_Esra_15_10_2_Und Sechanja, der Sohn Jehiels, aus den Kindern Elam, antwortete und sprach zu Esra: Wohlan, wir haben uns an unserm Gott vergriffen, daß wir fremde Weiber aus den Völkern des Landes genommen haben. Nun, es ist noch Hoffnung für Israel über dem.
Esra_Esra_15_10_3_So laßt uns einen Bund machen mit unserm Gott, daß wir alle Weiber und die von ihnen geboren sind, hinaustun nach dem Rat des HERRN und derer, die die Gebote unsers Gottes fürchten, daß man tue nach dem Gesetz.
Esra_Esra_15_10_4_So mache dich auf! denn dir gebührt's; wir wollen mit dir sein. Sei getrost und tue es!
Esra_Esra_15_10_5_Da stand Esra auf und nahm einen Eid von den Obersten der Priester und Leviten und des ganzen Israels, daß sie nach diesem Wort tun sollten. Und sie schwuren.
Esra_Esra_15_10_6_Und Esra stand auf vor dem Hause Gottes und ging in die Kammer Johanans, des Sohnes Eljasibs. Und da er dahin kam, aß er kein Brot und trank kein Wasser; denn er trug Leid um die Vergreifung derer, die gefangen gewesen waren.
Esra_Esra_15_10_7_Und sie ließen ausrufen durch Juda und Jerusalem zu allen, die gefangen gewesen waren, daß sie sich gen Jerusalem versammelten.
Esra_Esra_15_10_8_Und welcher nicht käme in drei Tagen nach dem Rat der Obersten und Ältesten, des Habe sollte alle verbannt sein und er abgesondert von der Gemeinde der Gefangenen.
Esra_Esra_15_10_9_Da versammelten sich alle Männer Juda's und Benjamins gen Jerusalem in drei Tagen, das ist am zwanzigsten Tage des neunten Monats. Und alles Volk saß auf der Straße vor dem Hause Gottes und zitterte um der Sache willen und vom Regen.
Esra_Esra_15_10_10_Und Esra, der Priester, stand auf und sprach zu ihnen: Ihr habt euch vergriffen, daß ihr fremde Weiber genommen habt, daß ihr der Schuld Israels noch mehr machtet.
Esra_Esra_15_10_11_So bekennt nun dem HERRN, eurer Väter Gott, und tut sein Wohlgefallen und scheidet euch von den Völkern des Landes und von den fremden Weibern.
Esra_Esra_15_10_12_Da antwortete die ganze Gemeinde und sprach mit lauter Stimme: Es geschehe, wie du uns gesagt hast.
Esra_Esra_15_10_13_Aber des Volks ist viel, und Regenzeit, und man kann nicht draußen stehen; so ist's auch nicht eines oder zweier Tage Werk, denn wir haben viel gemacht solcher Übertretungen.
Esra_Esra_15_10_14_Laßt uns unsre Obersten bestellen für die ganze Gemeinde, daß alle, die in unsern Städten fremde Weiber genommen haben, zu bestimmten Zeiten kommen und die Ältesten einer jeglichen Stadt und ihre Richter mit ihnen, bis daß von uns gewendet werde der Zorn unseres Gottes um dieser Sache willen.
Esra_Esra_15_10_15_(Nur Jonathan, der Sohn Asahels, und Jahseja, der Sohn Tikwas, setzten sich dawider, und Mesullam und Sabthai, der Levit, halfen ihnen.)
Esra_Esra_15_10_16_Und die Kinder der Gefangenschaft taten also. Und der Priester Esra und Männer, welche die Häupter ihrer Vaterhäuser waren, alle mit Namen genannt, wurden ausgesondert und setzten sich am ersten Tage des zehnten Monats, zu erforschen diese Sache;
Esra_Esra_15_10_17_und sie richteten es aus an allen Männern, die fremde Weiber hatten, bis zum ersten Tage des ersten Monats.
Esra_Esra_15_10_18_Und es wurden gefunden unter den Kindern der Priestern, die fremde Weiber genommen hatten, nämlich unter den Kindern Jesuas, des Sohnes Jozadaks, und seinen Brüdern Maaseja, Elieser, Jarib und Gedalja,
Esra_Esra_15_10_19_und sie gaben ihre Hand darauf, daß sie die Weiber wollten ausstoßen und zu ihrem Schuldopfer einen Widder für ihre Schuld geben;
Esra_Esra_15_10_20_unter den Kindern Immer: Hanani und Sebadja;
Esra_Esra_15_10_21_unter den Kindern Harim: Maaseja, Elia, Semaja Jehiel und Usia;
Esra_Esra_15_10_22_unter den Kindern Pashur: Eljoenai, Maaseja, Ismael, Nathanael, Josabad und Eleasa;
Esra_Esra_15_10_23_unter den Leviten: Josabad, Simei und Kelaja (er ist der Kelita), Pethahja, Juda und Elieser;
Esra_Esra_15_10_24_unter den sängern: Eljasib; unter den Torhütern: Sallum, Telem und Uri.
Esra_Esra_15_10_25_Von Israel unter den Kindern Pareos: Ramja, Jesia, Malchia, Mijamin, Eleasar, Malchia und Benaja;
Esra_Esra_15_10_26_unter den Kindern Elam: Matthanja, Sacharja, Jehiel, Abdi, Jeremoth und Elia;
Esra_Esra_15_10_27_unter den Kindern Satthu: Eljoenai, Eljasib, Matthanja, Jeremoth, Sabad und Asisa;
Esra_Esra_15_10_28_unter den Kindern Bebai: Johanan, Hananja, Sabbai und Athlai;
Esra_Esra_15_10_29_unter den Kindern Bani: Mesullam, Malluch, Adaja, Jasub, Seal und Jeremoth;
Esra_Esra_15_10_30_unter den Kindern Pahath-Moab: Adna, Chelal, Benaja, Maaseja, Matthanja, Bezaleel, Binnui und Manasse;
Esra_Esra_15_10_31_unter den Kindern Harim: Elieser, Jissia, Malchia, Semaja Simeon,
Esra_Esra_15_10_32_Benjamin, Malluch und Semarja;
Esra_Esra_15_10_33_unter den Kindern Hasum: Matthnai, Matthattha, Sabad, Eliphelet, Jeremai, Manasse und Simei;
Esra_Esra_15_10_34_unter den Kindern Bani: Maedai, Amram, Uel,
Esra_Esra_15_10_35_Benaja, Bedja, Cheluhi,
Esra_Esra_15_10_36_Vanja, Meremoth, Eljasib,
Esra_Esra_15_10_37_Matthanja, Matthnai, Jaesai,
Esra_Esra_15_10_38_Bani, Binnui, Simei,
Esra_Esra_15_10_39_Selemja, Nathan, Adaja,
Esra_Esra_15_10_40_Machnadbai, Sasai, Sarai,
Esra_Esra_15_10_41_Asareel, Selemja, Semarja,
Esra_Esra_15_10_42_Sallum, Amarja und Joseph;
Esra_Esra_15_10_43_unter den Kindern Nebo: Jeiel, Matthithja, Sabad, Sebina, Jaddai, Joel und Benaja.
Esra_Esra_15_10_44_Diese alle hatten fremde Weiber genommen; und waren etliche unter denselben Weibern, die Kinder getragen hatten.
