Sprüche_Spr_20_31_1_Dies sind die Sprüche Salomos, des Königs in Israel, des Sohnes Davids,
Sprüche_Spr_20_31_2_zu lernen Weisheit und Zucht, Verstand
Sprüche_Spr_20_31_3_Klugheit, Gerechtigkeit, Recht und Schlecht;
Sprüche_Spr_20_31_4_daß die Unverständigen klug und die Jünglinge vernünftig und vorsichtig werden.
Sprüche_Spr_20_31_5_Wer weise ist der hört zu und bessert sich; wer verständig ist, der läßt sich raten,
Sprüche_Spr_20_31_6_daß er verstehe die Sprüche und ihre Deutung, die Lehre der Weisen und ihre Beispiele.
Sprüche_Spr_20_31_7_Des HERRN Furcht ist Anfang der Erkenntnis. Die Ruchlosen verachten Weisheit und Zucht.
Sprüche_Spr_20_31_8_Mein Kind, gehorche der Zucht deines Vaters und verlaß nicht das Gebot deiner Mutter.
Sprüche_Spr_20_31_9_Denn solches ist ein schöner Schmuck deinem Haupt und eine Kette an deinem Hals.
Sprüche_Spr_20_31_10_Mein Kind, wenn dich die bösen Buben locken, so folge nicht.
Sprüche_Spr_20_31_11_Wenn sie sagen: \"Gehe mit uns! wir wollen auf Blut lauern und den Unschuldigen ohne Ursache nachstellen;
Sprüche_Spr_20_31_12_wir wollen sie lebendig verschlingen wie die Hölle und die Frommen wie die, so hinunter in die Grube fahren;
Sprüche_Spr_20_31_13_wir wollen großes Gut finden; wir wollen unsre Häuser mit Raub füllen;
Sprüche_Spr_20_31_14_wage es mit uns! es soll unser aller ein Beutel sein\":
Sprüche_Spr_20_31_15_mein Kind, wandle den Weg nicht mit ihnen; wehre deinem Fuß vor ihrem Pfad.
Sprüche_Spr_20_31_16_Denn ihr Füße laufen zum Bösen und eilen, Blut zu vergießen.
Sprüche_Spr_20_31_17_Denn es ist vergeblich, das Netz auswerfen vor den Augen der Vögel.
Sprüche_Spr_20_31_18_Sie aber lauern auf ihr eigen Blut und stellen sich selbst nach dem Leben.
Sprüche_Spr_20_31_19_Also geht es allen, die nach Gewinn geizen, daß ihr Geiz ihnen das Leben nimmt.
Sprüche_Spr_20_31_20_Die Weisheit klagt draußen und läßt sich hören auf den Gassen;
Sprüche_Spr_20_31_21_sie ruft in dem Eingang des Tores, vorn unter dem Volk; sie redet ihre Worte in der Stadt:
Sprüche_Spr_20_31_22_Wie lange wollt ihr Unverständigen unverständig sein und die Spötter Lust zu Spötterei und die Ruchlosen die Lehre hassen?
Sprüche_Spr_20_31_23_Kehret euch zu meiner Strafe. Siehe, ich will euch heraussagen meinen Geist und euch meine Worte kundtun.
Sprüche_Spr_20_31_24_Weil ich denn rufe, und ihr weigert euch, ich recke meine Hand aus, und niemand achtet darauf,
Sprüche_Spr_20_31_25_und laßt fahren allen meinen Rat und wollt meine Strafe nicht:
Sprüche_Spr_20_31_26_so will ich auch lachen in eurem Unglück und eurer spotten, wenn da kommt, was ihr fürchtet,
Sprüche_Spr_20_31_27_wenn über euch kommt wie ein Sturm, was ihr fürchtet, und euer Unglück als ein Wetter, wenn über euch Angst und Not kommt.
Sprüche_Spr_20_31_28_Dann werden sie nach mir rufen, aber ich werde nicht antworten; sie werden mich suchen, und nicht finden.
Sprüche_Spr_20_31_29_Darum, daß sie haßten die Lehre und wollten des HERRN Furcht nicht haben,
Sprüche_Spr_20_31_30_wollten meinen Rat nicht und lästerten alle meine Strafe:
Sprüche_Spr_20_31_31_so sollen sie essen von den Früchten ihres Wesens und ihres Rats satt werden.
Sprüche_Spr_20_31_32_Was die Unverständigen gelüstet, tötet sie, und der Ruchlosen Glück bringt sie um.
Sprüche_Spr_20_31_33_Wer aber mir gehorcht, wird sicher bleiben und genug haben und kein Unglück fürchten.
Sprüche_Spr_20_2_1_Mein Kind, so du willst meine Rede annehmen und meine Gebote bei dir behalten,
Sprüche_Spr_20_2_2_daß dein Ohr auf Weisheit achthat und du dein Herz mit Fleiß dazu neigest;
Sprüche_Spr_20_2_3_ja, so du mit Fleiß darnach rufest und darum betest;
Sprüche_Spr_20_2_4_so du sie suchest wie Silber und nach ihr froschest wie nach Schätzen:
Sprüche_Spr_20_2_5_alsdann wirst du die Furcht des HERRN verstehen und Gottes Erkenntnis finden.
Sprüche_Spr_20_2_6_Denn der HERR gibt Weisheit, und aus seinem Munde kommt Erkenntnis und Verstand.
Sprüche_Spr_20_2_7_Er läßt's den Aufrichtigen gelingen und beschirmt die Frommen
Sprüche_Spr_20_2_8_und behütet die, so recht tun, und bewahrt den Weg seiner Heiligen.
Sprüche_Spr_20_2_9_Alsdann wirst du verstehen Gerechtigkeit und Recht und Frömmigkeit und allen guten Weg.
Sprüche_Spr_20_2_10_Denn Weisheit wird in dein Herz eingehen, daß du gerne lernst;
Sprüche_Spr_20_2_11_guter Rat wird dich bewahren, und Verstand wird dich behüten,
Sprüche_Spr_20_2_12_daß du nicht geratest auf den Weg der Bösen noch unter die verkehrten Schwätzer,
Sprüche_Spr_20_2_13_die da verlassen die rechte Bahn und gehen finstere Wege,
Sprüche_Spr_20_2_14_die sich freuen, Böses zu tun, und sind fröhlich in ihrem bösen, verkehrten Wesen,
Sprüche_Spr_20_2_15_welche ihren Weg verkehren und folgen ihrem Abwege;
Sprüche_Spr_20_2_16_daß du nicht geratest an eines andern Weib, an eine Fremde, die glatte Worte gibt
Sprüche_Spr_20_2_17_und verläßt den Freund ihrer Jugend und vergißt den Bund ihres Gottes
Sprüche_Spr_20_2_18_(denn ihr Haus neigt sich zum Tod und ihre Gänge zu den Verlorenen;
Sprüche_Spr_20_2_19_alle, die zu ihr eingehen, kommen nicht wieder und ergreifen den Weg des Lebens nicht);
Sprüche_Spr_20_2_20_auf daß du wandelst auf gutem Wege und bleibst auf der rechten Bahn.
Sprüche_Spr_20_2_21_Denn die Gerechten werden im Lande wohnen, und die Frommen werden darin bleiben;
Sprüche_Spr_20_2_22_aber die Gottlosen werden aus dem Lande ausgerottet, und die Verächter werden daraus vertilgt.
Sprüche_Spr_20_3_1_Mein Kind, vergiß meines Gesetzes nicht, und dein Herz behalte meine Gebote.
Sprüche_Spr_20_3_2_Denn sie werden dir langes Leben und gute Jahre und Frieden bringen;
Sprüche_Spr_20_3_3_Gnade und Treue werden dich nicht lassen. Hänge sie an deinen Hals und schreibe sie auf die Tafel deines Herzens,
Sprüche_Spr_20_3_4_so wirst du Gunst und Klugheit finden, die Gott und Menschen gefällt.
Sprüche_Spr_20_3_5_Verlaß dich auf den HERRN von ganzem Herzen und verlaß dich nicht auf deinen Verstand;
Sprüche_Spr_20_3_6_sondern gedenke an ihn in allen deinen Wegen, so wird er dich recht führen.
Sprüche_Spr_20_3_7_Dünke dich nicht, weise zu sein, sondern fürchte den HERRN und weiche vom Bösen.
Sprüche_Spr_20_3_8_Das wird deinem Leibe gesund sein und deine Gebeine erquicken.
Sprüche_Spr_20_3_9_Ehre den HERRN von deinem Gut und von den Erstlingen all deines Einkommens,
Sprüche_Spr_20_3_10_so werden deine Scheunen voll werden und deine Kelter mit Most übergehen.
Sprüche_Spr_20_3_11_Mein Kind, verwirf die Zucht des HERRN nicht und sei nicht ungeduldig über seine Strafe.
Sprüche_Spr_20_3_12_Denn welchen der HERR liebt, den straft er, und hat doch Wohlgefallen an ihm wie ein Vater am Sohn.
Sprüche_Spr_20_3_13_Wohl dem Menschen, der Weisheit findet, und dem Menschen, der Verstand bekommt!
Sprüche_Spr_20_3_14_Denn es ist besser, sie zu erwerben, als Silber; denn ihr Ertrag ist besser als Gold.
Sprüche_Spr_20_3_15_Sie ist edler denn Perlen; und alles, was du wünschen magst, ist ihr nicht zu vergleichen.
Sprüche_Spr_20_3_16_Langes Leben ist zu ihrer rechten Hand; zu ihrer Linken ist Reichtum und Ehre.
Sprüche_Spr_20_3_17_Ihre Wege sind liebliche Wege, und alle ihre Steige sind Friede.
Sprüche_Spr_20_3_18_Sie ist ein Baum des Lebens allen, die sie ergreifen; und selig sind, die sie halten.
Sprüche_Spr_20_3_19_Denn der HERR hat die Erde durch Weisheit gegründet und durch seinen Rat die Himmel bereitet.
Sprüche_Spr_20_3_20_Durch seine Weisheit sind die Tiefen zerteilt und die Wolken mit Tau triefend gemacht.
Sprüche_Spr_20_3_21_Mein Kind, laß sie nicht von deinen Augen weichen, so wirst du glückselig und klug werden.
Sprüche_Spr_20_3_22_Das wird deiner Seele Leben sein und ein Schmuck deinem Halse.
Sprüche_Spr_20_3_23_Dann wirst du sicher wandeln auf deinem Wege, daß dein Fuß sich nicht stoßen wird.
Sprüche_Spr_20_3_24_Legst du dich, so wirst du dich nicht fürchten, sondern süß schlafen,
Sprüche_Spr_20_3_25_daß du dich nicht fürchten darfst vor plötzlichem Schrecken noch vor dem Sturm der Gottlosen, wenn er kommt.
Sprüche_Spr_20_3_26_Denn der HERR ist dein Trotz; der behütet deinen Fuß, daß er nicht gefangen werde.
Sprüche_Spr_20_3_27_Weigere dich nicht, dem Dürftigen Gutes zu tun, so deine Hand von Gott hat, solches zu tun.
Sprüche_Spr_20_3_28_Sprich nicht zu deinem Nächsten: \"Geh hin und komm wieder; morgen will ich dir geben\", so du es wohl hast.
Sprüche_Spr_20_3_29_Trachte nicht Böses wider deinen Nächsten, der auf Treue bei dir wohnt.
Sprüche_Spr_20_3_30_Hadere nicht mit jemand ohne Ursache, so er dir kein Leid getan hat.
Sprüche_Spr_20_3_31_Eifere nicht einem Frevler nach und erwähle seiner Wege keinen;
Sprüche_Spr_20_3_32_denn der HERR hat Greuel an dem Abtrünnigen, und sein Geheimnis ist bei den Frommen.
Sprüche_Spr_20_3_33_Im Hause des Gottlosen ist der Fluch des HERRN; aber das Haus der Gerechten wird gesegnet.
Sprüche_Spr_20_3_34_Er wird der Spötter spotten; aber den Elenden wird er Gnade geben.
Sprüche_Spr_20_3_35_Die Weisen werden Ehre erben; aber wenn die Narren hochkommen, werden sie doch zu Schanden.
Sprüche_Spr_20_4_1_Höret, meine Kinder, die Zucht eures Vaters; merket auf, daß ihr lernt und klug werdet!
Sprüche_Spr_20_4_2_Denn ich gebe euch eine gute Lehre; verlaßt mein Gesetz nicht.
Sprüche_Spr_20_4_3_Denn ich war meines Vaters Sohn, ein zarter und ein einziger vor meiner Mutter.
Sprüche_Spr_20_4_4_Und er lehrte mich und sprach: Laß dein Herz meine Worte aufnehmen; halte meine Gebote, so wirst du leben.
Sprüche_Spr_20_4_5_Nimm an Weisheit, nimm an Verstand; vergiß nicht und weiche nicht von der Rede meines Mundes.
Sprüche_Spr_20_4_6_Verlaß sie nicht, so wird sie dich bewahren; liebe sie, so wird sie dich behüten.
Sprüche_Spr_20_4_7_Denn der Weisheit Anfang ist, wenn man sie gerne hört und die Klugheit lieber hat als alle Güter.
Sprüche_Spr_20_4_8_Achte sie hoch, so wird sie dich erhöhen, und wird dich zu Ehren bringen, wo du sie herzest.
Sprüche_Spr_20_4_9_Sie wird dein Haupt schön schmücken und wird dich zieren mit einer prächtigen Krone.
Sprüche_Spr_20_4_10_So höre, mein Kind, und nimm an meine Rede, so werden deiner Jahre viel werden.
Sprüche_Spr_20_4_11_Ich will dich den Weg der Weisheit führen; ich will dich auf rechter Bahn leiten,
Sprüche_Spr_20_4_12_daß, wenn du gehst, dein Gang dir nicht sauer werde, und wenn du läufst, daß du nicht anstoßest.
Sprüche_Spr_20_4_13_Fasse die Zucht, laß nicht davon; bewahre sie, denn sie ist dein Leben.
Sprüche_Spr_20_4_14_Komm nicht auf der Gottlosen Pfad und tritt nicht auf den Weg der Bösen.
Sprüche_Spr_20_4_15_Laß ihn fahren und gehe nicht darin; weiche von ihm und gehe vorüber.
Sprüche_Spr_20_4_16_Denn sie schlafen nicht, sie haben denn Übel getan; und ruhen nicht, sie haben den Schaden getan.
Sprüche_Spr_20_4_17_Denn sie nähren sich von gottlosem Brot und trinken vom Wein des Frevels.
Sprüche_Spr_20_4_18_Aber der Gerechten Pfad glänzt wie das Licht, das immer heller leuchtet bis auf den vollen Tag.
Sprüche_Spr_20_4_19_Der Gottlosen Weg aber ist wie Dunkel; sie wissen nicht, wo sie fallen werden.
Sprüche_Spr_20_4_20_Mein Sohn, merke auf meine Worte und neige dein Ohr zu meiner Rede.
Sprüche_Spr_20_4_21_Laß sie nicht von deinen Augen fahren, behalte sie in deinem Herzen.
Sprüche_Spr_20_4_22_Denn sie sind das Leben denen, die sie finden, und gesund ihrem ganzen Leibe.
Sprüche_Spr_20_4_23_Behüte dein Herz mit allem Fleiß; denn daraus geht das Leben.
Sprüche_Spr_20_4_24_Tue von dir den verkehrten Mund und laß das Lästermaul ferne von dir sein.
Sprüche_Spr_20_4_25_Laß deine Augen stracks vor sich sehen und deine Augenlider richtig vor dir hin blicken.
Sprüche_Spr_20_4_26_Laß deinen Fuß gleich vor sich gehen, so gehst du gewiß.
Sprüche_Spr_20_4_27_Wanke weder zur Rechten noch zur Linken; wende deinen Fuß vom Bösen.
Sprüche_Spr_20_5_1_Mein Kind, merke auf meine Weisheit; neige dein Ohr zu meiner Lehre,
Sprüche_Spr_20_5_2_daß du bewahrest guten Rat und dein Mund wisse Unterschied zu halten.
Sprüche_Spr_20_5_3_Denn die Lippen der Hure sind süß wie Honigseim, und ihre Kehle ist glätter als Öl,
Sprüche_Spr_20_5_4_aber hernach bitter wie Wermut und scharf wie ein zweischneidiges Schwert.
Sprüche_Spr_20_5_5_Ihre Füße laufen zum Tod hinunter; ihre Gänge führen ins Grab.
Sprüche_Spr_20_5_6_Sie geht nicht stracks auf dem Wege des Lebens; unstet sind ihre Tritte, daß sie nicht weiß, wo sie geht.
Sprüche_Spr_20_5_7_So gehorchet mir nun, meine Kinder, und weichet nicht von der Rede meines Mundes.
Sprüche_Spr_20_5_8_Laß deine Wege ferne von ihr sein, und nahe nicht zur Tür ihres Hauses,
Sprüche_Spr_20_5_9_daß du nicht den Fremden gebest deine Ehre und deine Jahre dem Grausamen;
Sprüche_Spr_20_5_10_daß sich nicht Fremde von deinem Vermögen sättigen und deine Arbeit nicht sei in eines andern Haus,
Sprüche_Spr_20_5_11_und müssest hernach seufzen, wenn du Leib und Gut verzehrt hast,
Sprüche_Spr_20_5_12_und sprechen: \"Ach, wie habe ich die Zucht gehaßt und wie hat mein Herz die Strafe verschmäht!
Sprüche_Spr_20_5_13_wie habe ich nicht gehorcht der Stimme meiner Lehrer und mein Ohr nicht geneigt zu denen, die mich lehrten!
Sprüche_Spr_20_5_14_Ich bin schier in alles Unglück gekommen vor allen Leuten und allem Volk.\"
Sprüche_Spr_20_5_15_Trink Wasser aus deiner Grube und Flüsse aus deinem Brunnen.
Sprüche_Spr_20_5_16_Laß deine Brunnen herausfließen und die Wasserbäche auf die Gassen.
Sprüche_Spr_20_5_17_Habe du aber sie allein, und kein Fremder mit dir.
Sprüche_Spr_20_5_18_Dein Born sei gesegnet, und freue dich des Weibes deiner Jugend.
Sprüche_Spr_20_5_19_Sie ist lieblich wie die Hinde und holdselig wie ein Reh. Laß dich ihre Liebe allezeit sättigen und ergötze dich allewege in ihrer Liebe.
Sprüche_Spr_20_5_20_Mein Kind, warum willst du dich an der Fremden ergötzen und herzest eine andere?
Sprüche_Spr_20_5_21_Denn jedermanns Wege sind offen vor dem HERRN, und er mißt alle ihre Gänge.
Sprüche_Spr_20_5_22_Die Missetat des Gottlosen wird ihn fangen, und er wird mit dem Strick seiner Sünde gehalten werden.
Sprüche_Spr_20_5_23_Er wird sterben, darum daß er sich nicht will ziehen lassen; und um seiner großen Torheit willen wird's ihm nicht wohl gehen.
Sprüche_Spr_20_6_1_Mein Kind, wirst du Bürge für deinen Nächsten und hast deine Hand bei einem Fremden verhaftet,
Sprüche_Spr_20_6_2_so bist du verknüpft durch die Rede deines Mundes und gefangen mit den Reden deines Mundes.
Sprüche_Spr_20_6_3_So tue doch, mein Kind, also und errette dich, denn du bist deinem Nächsten in die Hände gekommen: eile, dränge und treibe deinen Nächsten.
Sprüche_Spr_20_6_4_Laß deine Augen nicht schlafen, noch deinen Augenlider schlummern.
Sprüche_Spr_20_6_5_Errette dich wie ein Reh von der Hand und wie eine Vogel aus der Hand des Voglers.
Sprüche_Spr_20_6_6_Gehe hin zur Ameise, du Fauler; siehe ihre Weise an und lerne!
Sprüche_Spr_20_6_7_Ob sie wohl keinen Fürsten noch Hauptmann noch Herrn hat,
Sprüche_Spr_20_6_8_bereitet sie doch ihr Brot im Sommer und sammelt ihre Speise in der Ernte.
Sprüche_Spr_20_6_9_Wie lange liegst du, Fauler? Wann willst du aufstehen von deinem Schlaf?
Sprüche_Spr_20_6_10_Ja, schlafe noch ein wenig, schlummere ein wenig, schlage die Hände ineinander ein wenig, daß du schlafest,
Sprüche_Spr_20_6_11_so wird dich die Armut übereilen wie ein Fußgänger und der Mangel wie ein gewappneter Mann.
Sprüche_Spr_20_6_12_Ein heilloser Mensch, ein schädlicher Mann geht mit verstelltem Munde,
Sprüche_Spr_20_6_13_winkt mit Augen, deutet mit Füßen, zeigt mit Fingern,
Sprüche_Spr_20_6_14_trachtet allezeit Böses und Verkehrtes in seinem Herzen und richtet Hader an.
Sprüche_Spr_20_6_15_Darum wird ihm plötzlich sein Verderben kommen, und er wird schnell zerbrochen werden, da keine Hilfe dasein wird.
Sprüche_Spr_20_6_16_Diese sechs Stücke haßt der HERR, und am siebenten hat er einen Greuel:
Sprüche_Spr_20_6_17_hohe Augen, falsche Zunge, Hände, die unschuldig Blut vergießen,
Sprüche_Spr_20_6_18_Herz, das mit böser Tücke umgeht, Füße, die behend sind, Schaden zu tun,
Sprüche_Spr_20_6_19_falscher Zeuge, der frech Lügen redet und wer Hader zwischen Brüdern anrichtet.
Sprüche_Spr_20_6_20_Mein Kind, bewahre die Gebote deines Vaters und laß nicht fahren das Gesetz deiner Mutter.
Sprüche_Spr_20_6_21_Binde sie zusammen auf dein Herz allewege und hänge sie an deinen Hals,
Sprüche_Spr_20_6_22_wenn du gehst, daß sie dich geleiten; wenn du dich legst, daß sie dich bewahren; wenn du aufwachst, daß sie zu dir sprechen.
Sprüche_Spr_20_6_23_Denn das Gebot ist eine Leuchte und das Gesetz ein Licht, und die Strafe der Zucht ist ein Weg des Lebens,
Sprüche_Spr_20_6_24_auf daß du bewahrt werdest vor dem bösen Weibe, vor der glatten Zunge der Fremden.
Sprüche_Spr_20_6_25_Laß dich ihre Schöne nicht gelüsten in deinem Herzen und verfange dich nicht an ihren Augenlidern.
Sprüche_Spr_20_6_26_Denn eine Hure bringt einen ums Brot; aber eines andern Weib fängt das edle Leben.
Sprüche_Spr_20_6_27_Kann auch jemand ein Feuer im Busen behalten, daß seine Kleider nicht brennen?
Sprüche_Spr_20_6_28_Wie sollte jemand auf Kohlen gehen, daß seine Füße nicht verbrannt würden?
Sprüche_Spr_20_6_29_Also gehet's dem, der zu seines Nächsten Weib geht; es bleibt keiner ungestraft, der sie berührt.
Sprüche_Spr_20_6_30_Es ist einem Diebe nicht so große Schmach, ob er stiehlt, seine Seele zu sättigen, weil ihn hungert;
Sprüche_Spr_20_6_31_und ob er ergriffen wird, gibt er's siebenfältig wieder und legt dar alles Gut in seinem Hause.
Sprüche_Spr_20_6_32_Aber wer mit einem Weibe die Ehe bricht, der ist ein Narr; der bringt sein Leben ins Verderben.
Sprüche_Spr_20_6_33_Dazu trifft ihn Plage und Schande, und seine Schande wird nicht ausgetilgt.
Sprüche_Spr_20_6_34_Denn der Grimm des Mannes eifert, und schont nicht zur Zeit der Rache
Sprüche_Spr_20_6_35_und sieht keine Person an, die da versöhne, und nimmt's nicht an, ob du viel schenken wolltest.
Sprüche_Spr_20_7_1_Mein Kind, behalte meine Rede und verbirg meine Gebote bei dir.
Sprüche_Spr_20_7_2_Behalte meine Gebote, so wirst du leben, und mein Gesetz wie deinen Augapfel.
Sprüche_Spr_20_7_3_Binde sie an deine Finger; schreibe sie auf die Tafel deines Herzens.
Sprüche_Spr_20_7_4_Sprich zur Weisheit: \"Du bist meine Schwester\", und nenne die Klugheit deine Freundin,
Sprüche_Spr_20_7_5_daß du behütet werdest vor dem fremden Weibe, vor einer andern, die glatte Worte gibt.
Sprüche_Spr_20_7_6_Denn am Fenster meines Hauses guckte ich durchs Gitter
Sprüche_Spr_20_7_7_und sah unter den Unverständigen und ward gewahr unter den Kindern eines törichten Jünglings,
Sprüche_Spr_20_7_8_der ging auf der Gasse an einer Ecke und trat daher auf dem Wege bei ihrem Hause,
Sprüche_Spr_20_7_9_in der Dämmerung, am Abend des Tages, da es Nacht ward und dunkel war.
Sprüche_Spr_20_7_10_Und siehe, da begegnete ihm ein Weib im Hurenschmuck, listig,
Sprüche_Spr_20_7_11_wild und unbändig, daß ihr Füße in ihrem Hause nicht bleiben können.
Sprüche_Spr_20_7_12_Jetzt ist sie draußen, jetzt auf der Gasse, und lauert an allen Ecken.
Sprüche_Spr_20_7_13_Und erwischte ihn und küßte ihn unverschämt und sprach zu ihm:
Sprüche_Spr_20_7_14_Ich habe Dankopfer für mich heute bezahlt für meine Gelübde.
Sprüche_Spr_20_7_15_Darum bin herausgegangen, dir zu begegnen, dein Angesicht zu suchen, und habe dich gefunden.
Sprüche_Spr_20_7_16_Ich habe mein Bett schön geschmückt mit bunten Teppichen aus Ägypten.
Sprüche_Spr_20_7_17_Ich habe mein Lager mit Myrrhe, Aloe und Zimt besprengt.
Sprüche_Spr_20_7_18_Komm, laß und buhlen bis an den Morgen und laß und der Liebe pflegen.
Sprüche_Spr_20_7_19_Denn der Mann ist nicht daheim; er ist einen fernen Weg gezogen.
Sprüche_Spr_20_7_20_Er hat den Geldsack mit sich genommen; er wird erst aufs Fest wieder heimkommen.
Sprüche_Spr_20_7_21_Sie überredete ihn mit vielen Worten und gewann ihn mit ihrem glatten Munde.
Sprüche_Spr_20_7_22_Er folgt ihr alsbald nach, wie ein Ochse zur Fleischbank geführt wird, und wie zur Fessel, womit man die Narren züchtigt,
Sprüche_Spr_20_7_23_bis sie ihm mit dem Pfeil die Leber spaltet; wie ein Vogel zum Strick eilt und weiß nicht, daß es ihm sein Leben gilt.
Sprüche_Spr_20_7_24_So gehorchet mir nun, meine Kinder, und merket auf die Rede meines Mundes.
Sprüche_Spr_20_7_25_Laß dein Herz nicht weichen auf ihren Weg und laß dich nicht verführen auf ihrer Bahn.
Sprüche_Spr_20_7_26_Denn sie hat viele verwundet und gefällt, und sind allerlei Mächtige von ihr erwürgt.
Sprüche_Spr_20_7_27_Ihr Haus sind Wege zum Grab, da man hinunterfährt in des Todes Kammern.
Sprüche_Spr_20_8_1_Ruft nicht die Weisheit, und die Klugheit läßt sich hören?
Sprüche_Spr_20_8_2_Öffentlich am Wege und an der Straße steht sie.
Sprüche_Spr_20_8_3_An den Toren bei der Stadt, da man zur Tür eingeht, schreit sie:
Sprüche_Spr_20_8_4_O ihr Männer, ich schreie zu euch und rufe den Leuten.
Sprüche_Spr_20_8_5_Merkt, ihr Unverständigen, auf Klugheit und, ihr Toren, nehmt es zu Herzen!
Sprüche_Spr_20_8_6_Höret, denn ich will reden, was fürstlich ist, und lehren, was recht ist.
Sprüche_Spr_20_8_7_Denn mein Mund soll die Wahrheit reden, und meine Lippen sollen hassen, was gottlos ist.
Sprüche_Spr_20_8_8_Alle Reden meines Mundes sind gerecht; es ist nichts Verkehrtes noch falsches darin.
Sprüche_Spr_20_8_9_Sie sind alle gerade denen, die sie verstehen, und richtig denen, die es annehmen wollen.
Sprüche_Spr_20_8_10_Nehmet an meine Zucht lieber denn Silber, und die Lehre achtet höher denn köstliches Gold.
Sprüche_Spr_20_8_11_Denn Weisheit ist besser als Perlen; und alles, was man wünschen mag, kann ihr nicht gleichen.
Sprüche_Spr_20_8_12_Ich, Weisheit, wohne bei der Klugheit und weiß guten Rat zu geben.
Sprüche_Spr_20_8_13_Die Furcht des HERRN haßt das Arge, die Hoffart, den Hochmut und bösen Weg; und ich bin feind dem verkehrten Mund.
Sprüche_Spr_20_8_14_Mein ist beides, Rat und Tat; ich habe Verstand und Macht.
Sprüche_Spr_20_8_15_Durch mich regieren die Könige und setzen die Ratsherren das Recht.
Sprüche_Spr_20_8_16_Durch mich herrschen die Fürsten und alle Regenten auf Erden.
Sprüche_Spr_20_8_17_Ich liebe, die mich lieben; und die mich frühe suchen, finden mich.
Sprüche_Spr_20_8_18_Reichtum und Ehre ist bei mir, währendes Gut und Gerechtigkeit.
Sprüche_Spr_20_8_19_Meine Frucht ist besser denn Gold und feines Gold und mein Ertrag besser denn auserlesenes Silber.
Sprüche_Spr_20_8_20_Ich wandle auf dem rechten Wege, auf der Straße des Rechts,
Sprüche_Spr_20_8_21_daß ich wohl versorge, die mich lieben, und ihre Schätze vollmache.
Sprüche_Spr_20_8_22_Der HERR hat mich gehabt im Anfang seiner Wege; ehe er etwas schuf, war ich da.
Sprüche_Spr_20_8_23_Ich bin eingesetzt von Ewigkeit, von Anfang, vor der Erde.
Sprüche_Spr_20_8_24_Da die Tiefen noch nicht waren, da war ich schon geboren, da die Brunnen noch nicht mit Wasser quollen.
Sprüche_Spr_20_8_25_Ehe denn die Berge eingesenkt waren, vor den Hügeln war ich geboren,
Sprüche_Spr_20_8_26_da er die Erde noch nicht gemacht hatte und was darauf ist, noch die Berge des Erdbodens.
Sprüche_Spr_20_8_27_Da er die Himmel bereitete, war ich daselbst, da er die Tiefe mit seinem Ziel faßte.
Sprüche_Spr_20_8_28_Da er die Wolken droben festete, da er festigte die Brunnen der Tiefe,
Sprüche_Spr_20_8_29_da er dem Meer das Ziel setzte und den Wassern, daß sie nicht überschreiten seinen Befehl, da er den Grund der Erde legte:
Sprüche_Spr_20_8_30_da war ich der Werkmeister bei ihm und hatte meine Lust täglich und spielte vor ihm allezeit
Sprüche_Spr_20_8_31_und spielte auf seinem Erdboden, und meine Lust ist bei den Menschenkindern.
Sprüche_Spr_20_8_32_So gehorchet mir nun, meine Kinder. Wohl denen, die meine Wege halten!
Sprüche_Spr_20_8_33_Höret die Zucht und werdet weise und lasset sie nicht fahren.
Sprüche_Spr_20_8_34_Wohl dem Menschen, der mir gehorcht, daß er wache an meiner Tür täglich, daß er warte an den Pfosten meiner Tür.
Sprüche_Spr_20_8_35_Wer mich findet, der findet das Leben und wird Wohlgefallen vom HERRN erlangen.
Sprüche_Spr_20_8_36_Wer aber an mir sündigt, der verletzt seine Seele. Alle, die mich hassen, lieben den Tod.
Sprüche_Spr_20_9_1_Die Weisheit baute ihr Haus und hieb sieben Säulen,
Sprüche_Spr_20_9_2_schlachtete ihr Vieh und trug ihren Wein auf und bereitete ihren Tisch
Sprüche_Spr_20_9_3_und sandte ihre Dirnen aus, zu rufen oben auf den Höhen der Stadt:
Sprüche_Spr_20_9_4_\"Wer verständig ist, der mache sich hierher!\", und zum Narren sprach sie:
Sprüche_Spr_20_9_5_\"Kommet, zehret von meinem Brot und trinket den Wein, den ich schenke;
Sprüche_Spr_20_9_6_verlaßt das unverständige Wesen, so werdet ihr leben, und gehet auf dem Wege der Klugheit.\"
Sprüche_Spr_20_9_7_Wer den Spötter züchtigt, der muß Schande auf sich nehmen; und wer den Gottlosen straft, der muß gehöhnt werden.
Sprüche_Spr_20_9_8_Strafe den Spötter nicht, er haßt dich; strafe den Weisen, der wird dich lieben.
Sprüche_Spr_20_9_9_Gib dem Weisen, so wird er noch weiser werden; lehre den Gerechten, so wird er in der Lehre zunehmen.
Sprüche_Spr_20_9_10_Der Weisheit Anfang ist des HERRN Furcht, und den Heiligen erkennen ist Verstand.
Sprüche_Spr_20_9_11_Denn durch mich werden deiner Tage viel werden und werden dir der Jahre des Lebens mehr werden.
Sprüche_Spr_20_9_12_Bist du weise, so bist du dir weise; bist du ein Spötter, so wirst du es allein tragen.
Sprüche_Spr_20_9_13_Es ist aber ein törichtes, wildes Weib, voll Schwätzens, und weiß nichts;
Sprüche_Spr_20_9_14_die sitzt in der Tür ihres Hauses auf dem Stuhl, oben in der Stadt,
Sprüche_Spr_20_9_15_zu laden alle, die vorübergehen und richtig auf ihrem Wege wandeln:
Sprüche_Spr_20_9_16_\"Wer unverständig ist, der mache sich hierher!\", und zum Narren spricht sie:
Sprüche_Spr_20_9_17_\"Die gestohlenen Wasser sind süß, und das verborgene Brot schmeckt wohl.\"
Sprüche_Spr_20_9_18_Er weiß aber nicht, daß daselbst Tote sind und ihre Gäste in der tiefen Grube.
Sprüche_Spr_20_10_1_Dies sind die Sprüche Salomos. Ein weiser Sohn ist seines Vaters Freude; aber ein törichter Sohn ist seiner Mutter Grämen.
Sprüche_Spr_20_10_2_Unrecht Gut hilft nicht; aber Gerechtigkeit errettet vor dem Tode.
Sprüche_Spr_20_10_3_Der HERR läßt die Seele des Gerechten nicht Hunger leiden; er stößt aber weg der Gottlosen Begierde.
Sprüche_Spr_20_10_4_Lässige Hand macht arm; aber der Fleißigen Hand macht reich.
Sprüche_Spr_20_10_5_Wer im Sommer sammelt, der ist klug; wer aber in der Ernte schläft, wird zu Schanden.
Sprüche_Spr_20_10_6_Den Segen hat das Haupt des Gerechten; aber den Mund der Gottlosen wird ihr Frevel überfallen.
Sprüche_Spr_20_10_7_Das Gedächtnis der Gerechten bleibt im Segen; aber der Gottlosen Name wird verwesen.
Sprüche_Spr_20_10_8_Wer weise von Herzen ist nimmt die Gebote an; wer aber ein Narrenmaul hat, wird geschlagen.
Sprüche_Spr_20_10_9_Wer unschuldig lebt, der lebt sicher; wer aber verkehrt ist auf seinen Wegen, wird offenbar werden.
Sprüche_Spr_20_10_10_Wer mit Augen winkt, wird Mühsal anrichten; und der ein Narrenmaul hat, wird geschlagen.
Sprüche_Spr_20_10_11_Des Gerechten Mund ist ein Brunnen des Lebens; aber den Mund der Gottlosen wird ihr Frevel überfallen.
Sprüche_Spr_20_10_12_Haß erregt Hader; aber Liebe deckt zu alle Übertretungen.
Sprüche_Spr_20_10_13_In den Lippen des Verständigen findet man Weisheit; aber auf den Rücken der Narren gehört eine Rute.
Sprüche_Spr_20_10_14_Die Weisen bewahren die Lehre; aber der Narren Mund ist nahe dem Schrecken.
Sprüche_Spr_20_10_15_Das Gut des Reichen ist seine feste Stadt; aber die Armen macht die Armut blöde.
Sprüche_Spr_20_10_16_Der Gerechte braucht sein Gut zum Leben; aber der Gottlose braucht sein Einkommen zur Sünde.
Sprüche_Spr_20_10_17_Die Zucht halten ist der Weg zum Leben; wer aber der Zurechtweisung nicht achtet, der bleibt in der Irre.
Sprüche_Spr_20_10_18_Falsche Mäuler bergen Haß; und wer verleumdet, der ist ein Narr.
Sprüche_Spr_20_10_19_Wo viel Worte sind, da geht's ohne Sünde nicht ab; wer aber seine Lippen hält, ist klug.
Sprüche_Spr_20_10_20_Des Gerechten Zunge ist köstliches Silber; aber der Gottlosen Herz ist wie nichts.
Sprüche_Spr_20_10_21_Des Gerechten Lippen weiden viele; aber die Narren werden an ihrer Torheit sterben.
Sprüche_Spr_20_10_22_Der Segen des HERRN macht reich ohne Mühe.
Sprüche_Spr_20_10_23_Ein Narr treibt Mutwillen und hat dazu noch seinen Spott; aber der Mann ist weise, der aufmerkt.
Sprüche_Spr_20_10_24_Was der Gottlose fürchtet, das wird ihm begegnen; und was die Gerechten begehren, wird ihnen gegeben.
Sprüche_Spr_20_10_25_Der Gottlose ist wie ein Wetter, das vorübergeht und nicht mehr ist; der Gerechte aber besteht ewiglich.
Sprüche_Spr_20_10_26_Wie der Essig den Zähnen und der Rauch den Augen tut, so tut der Faule denen, die ihn senden.
Sprüche_Spr_20_10_27_Die Furcht des HERRN mehrt die Tage; aber die Jahre der Gottlosen werden verkürzt.
Sprüche_Spr_20_10_28_Das Warten der Gerechten wird Freude werden; aber der Gottlosen Hoffnung wird verloren sein.
Sprüche_Spr_20_10_29_Der Weg des HERRN ist des Frommen Trotz; aber die Übeltäter sind blöde.
Sprüche_Spr_20_10_30_Der Gerechte wird nimmermehr umgestoßen; aber die Gottlosen werden nicht im Lande bleiben.
Sprüche_Spr_20_10_31_Der Mund des Gerechten bringt Weisheit; aber die Zunge der Verkehrten wird ausgerottet.
Sprüche_Spr_20_10_32_Die Lippen der Gerechten lehren heilsame Dinge; aber der Gottlosen Mund ist verkehrt.
Sprüche_Spr_20_11_1_Falsche Waage ist dem HERRN ein Greuel; aber völliges Gewicht ist sein Wohlgefallen.
Sprüche_Spr_20_11_2_Wo Stolz ist, da ist auch Schmach; aber Weisheit ist bei den Demütigen.
Sprüche_Spr_20_11_3_Unschuld wird die Frommen leiten; aber die Bosheit wird die Verächter verstören.
Sprüche_Spr_20_11_4_Gut hilft nicht am Tage des Zorns; aber Gerechtigkeit errettet vom Tod.
Sprüche_Spr_20_11_5_Die Gerechtigkeit des Frommen macht seinen Weg eben; aber der Gottlose wird fallen durch sein gottloses Wesen.
Sprüche_Spr_20_11_6_Die Gerechtigkeit der Frommen wird sie erretten; aber die Verächter werden gefangen in ihrer Bosheit.
Sprüche_Spr_20_11_7_Wenn der gottlose Mensch stirbt, ist seine Hoffnung verloren und das Harren des Ungerechten wird zunichte.
Sprüche_Spr_20_11_8_Der Gerechte wird aus seiner Not erlöst, und der Gottlose kommt an seine Statt.
Sprüche_Spr_20_11_9_Durch den Mund des Heuchlers wird sein Nächster verderbt; aber die Gerechten merken's und werden erlöst.
Sprüche_Spr_20_11_10_Eine Stadt freut sich, wenn's den Gerechten wohl geht; und wenn die Gottlosen umkommen, wird man froh.
Sprüche_Spr_20_11_11_Durch den Segen der Frommen wird eine Stadt erhoben; aber durch den Mund der Gottlosen wird sie zerbrochen.
Sprüche_Spr_20_11_12_Wer seinen Nächsten schändet, ist ein Narr; aber ein verständiger Mann schweigt still.
Sprüche_Spr_20_11_13_Ein Verleumder verrät, was er heimlich weiß; aber wer eines getreuen Herzens ist, verbirgt es.
Sprüche_Spr_20_11_14_Wo nicht Rat ist, da geht das Volk unter; wo aber viel Ratgeber sind, da geht es wohl zu.
Sprüche_Spr_20_11_15_Wer für einen andern Bürge wird, der wird Schaden haben; wer aber sich vor Geloben hütet, ist sicher.
Sprüche_Spr_20_11_16_Ein holdselig Weib erlangt Ehre; aber die Tyrannen erlangen Reichtum.
Sprüche_Spr_20_11_17_Ein barmherziger Mann tut sich selber Gutes; aber ein unbarmherziger betrübt auch sein eigen Fleisch.
Sprüche_Spr_20_11_18_Der Gottlosen Arbeit wird fehlschlagen; aber wer Gerechtigkeit sät, das ist gewisses Gut.
Sprüche_Spr_20_11_19_Gerechtigkeit fördert zum Leben; aber dem Übel nachjagen fördert zum Tod.
Sprüche_Spr_20_11_20_Der HERR hat Greuel an den verkehrten Herzen, und Wohlgefallen an den Frommen.
Sprüche_Spr_20_11_21_Den Bösen hilft nichts, wenn sie auch alle Hände zusammentäten; aber der Gerechten Same wird errettet werden.
Sprüche_Spr_20_11_22_Ein schönes Weib ohne Zucht ist wie eine Sau mit einem goldenen Haarband.
Sprüche_Spr_20_11_23_Der Gerechten Wunsch muß doch wohl geraten, und der Gottlosen Hoffen wird Unglück.
Sprüche_Spr_20_11_24_Einer teilt aus und hat immer mehr; ein anderer kargt, da er nicht soll, und wird doch ärmer.
Sprüche_Spr_20_11_25_Die Seele, die da reichlich segnet, wird gelabt; wer reichlich tränkt, der wird auch getränkt werden.
Sprüche_Spr_20_11_26_Wer Korn innehält, dem fluchen die Leute; aber Segen kommt über den, der es verkauft.
Sprüche_Spr_20_11_27_Wer da Gutes sucht, dem widerfährt Gutes; wer aber nach Unglück ringt, dem wird's begegnen.
Sprüche_Spr_20_11_28_Wer sich auf seinen Reichtum verläßt, der wird untergehen; aber die Gerechten werden grünen wie ein Blatt.
Sprüche_Spr_20_11_29_Wer sein eigen Haus betrübt, der wird Wind zum Erbteil haben; und ein Narr muß ein Knecht des Weisen sein.
Sprüche_Spr_20_11_30_Die Frucht des Gerechten ist ein Baum des Lebens, und ein Weiser gewinnt die Herzen.
Sprüche_Spr_20_11_31_So der Gerechte auf Erden leiden muß, wie viel mehr der Gottlose und der Sünder!
Sprüche_Spr_20_12_1_Wer sich gern läßt strafen, der wird klug werden; wer aber ungestraft sein will, der bleibt ein Narr.
Sprüche_Spr_20_12_2_Wer fromm ist, der bekommt Trost vom HERRN; aber ein Ruchloser verdammt sich selbst.
Sprüche_Spr_20_12_3_Ein gottlos Wesen fördert den Menschen nicht; aber die Wurzel der Gerechten wird bleiben.
Sprüche_Spr_20_12_4_Ein tugendsam Weib ist eine Krone ihres Mannes; aber eine böse ist wie Eiter in seinem Gebein.
Sprüche_Spr_20_12_5_Die Gedanken der Gerechten sind redlich; aber die Anschläge der Gottlosen sind Trügerei.
Sprüche_Spr_20_12_6_Der Gottlosen Reden richten Blutvergießen an; aber der Frommen Mund errettet.
Sprüche_Spr_20_12_7_Die Gottlosen werden umgestürzt und nicht mehr sein; aber das Haus der Gerechten bleibt stehen.
Sprüche_Spr_20_12_8_Eines weisen Mannes Rat wird gelobt; aber die da tückisch sind, werden zu Schanden.
Sprüche_Spr_20_12_9_Wer gering ist und wartet des Seinen, der ist besser, denn der groß sein will, und des Brotes mangelt.
Sprüche_Spr_20_12_10_Der Gerechte erbarmt sich seines Viehs; aber das Herz der Gottlosen ist unbarmherzig.
Sprüche_Spr_20_12_11_Wer seinen Acker baut, der wird Brot die Fülle haben; wer aber unnötigen Sachen nachgeht, der ist ein Narr.
Sprüche_Spr_20_12_12_Des Gottlosen Lust ist, Schaden zu tun; aber die Wurzel der Gerechten wird Frucht bringen.
Sprüche_Spr_20_12_13_Der Böse wird gefangen in seinen eigenen falschen Worten; aber der Gerechte entgeht der Angst.
Sprüche_Spr_20_12_14_Viel Gutes kommt dem Mann durch die Frucht des Mundes; und dem Menschen wird vergolten, nach dem seine Hände verdient haben.
Sprüche_Spr_20_12_15_Dem Narren gefällt seine Weise wohl; aber wer auf Rat hört, der ist weise.
Sprüche_Spr_20_12_16_Ein Narr zeigt seinen Zorn alsbald; aber wer die Schmach birgt, ist klug.
Sprüche_Spr_20_12_17_Wer wahrhaftig ist, der sagt frei, was recht ist; aber ein falscher Zeuge betrügt.
Sprüche_Spr_20_12_18_Wer unvorsichtig herausfährt, sticht wie ein Schwert; aber die Zunge der Weisen ist heilsam.
Sprüche_Spr_20_12_19_Wahrhaftiger Mund besteht ewiglich; aber die falsche Zunge besteht nicht lange.
Sprüche_Spr_20_12_20_Die, so Böses raten, betrügen; aber die zum Frieden raten, schaffen Freude.
Sprüche_Spr_20_12_21_Es wird dem Gerechten kein Leid geschehen; aber die Gottlosen werden voll Unglück sein.
Sprüche_Spr_20_12_22_Falsche Mäuler sind dem HERRN ein Greuel; die aber treulich handeln, gefallen ihm wohl.
Sprüche_Spr_20_12_23_Ein verständiger Mann trägt nicht Klugheit zur Schau; aber das Herz der Narren ruft seine Narrheit aus.
Sprüche_Spr_20_12_24_Fleißige Hand wird herrschen; die aber lässig ist, wird müssen zinsen.
Sprüche_Spr_20_12_25_Sorge im Herzen kränkt, aber ein freundliches Wort erfreut.
Sprüche_Spr_20_12_26_Der Gerechte hat's besser denn sein Nächster; aber der Gottlosen Weg verführt sie.
Sprüche_Spr_20_12_27_Einem Lässigen gerät sein Handel nicht; aber ein fleißiger Mensch wird reich.
Sprüche_Spr_20_12_28_Auf dem Wege der Gerechtigkeit ist Leben, und auf ihrem gebahnten Pfad ist kein Tod.
Sprüche_Spr_20_13_1_Ein weiser Sohn läßt sich vom Vater züchtigen; aber ein Spötter gehorcht der Strafe nicht.
Sprüche_Spr_20_13_2_Die Frucht des Mundes genießt man; aber die Verächter denken nur zu freveln.
Sprüche_Spr_20_13_3_Wer seinen Mund bewahrt, der bewahrt sein Leben; wer aber mit seinem Maul herausfährt, der kommt in Schrecken.
Sprüche_Spr_20_13_4_Der Faule begehrt und kriegt's doch nicht; aber die Fleißigen kriegen genug.
Sprüche_Spr_20_13_5_Der Gerechte ist der Lüge feind; aber der Gottlose schändet und schmäht sich selbst.
Sprüche_Spr_20_13_6_Die Gerechtigkeit behütet den Unschuldigen; aber das gottlose Wesen bringt zu Fall den Sünder.
Sprüche_Spr_20_13_7_Mancher ist arm bei großem Gut, und mancher ist reich bei seiner Armut.
Sprüche_Spr_20_13_8_Mit Reichtum kann einer sein Leben erretten; aber ein Armer hört kein Schelten.
Sprüche_Spr_20_13_9_Das Licht der Gerechten brennt fröhlich; aber die Leuchte der Gottlosen wird auslöschen.
Sprüche_Spr_20_13_10_Unter den Stolzen ist immer Hader; aber Weisheit ist bei denen, die sich raten lassen.
Sprüche_Spr_20_13_11_Reichtum wird wenig, wo man's vergeudet; was man aber zusammenhält, das wird groß.
Sprüche_Spr_20_13_12_Die Hoffnung, die sich verzieht, ängstet das Herz; wenn's aber kommt, was man begehrt, das ist wie ein Baum des Lebens.
Sprüche_Spr_20_13_13_Wer das Wort verachtet, der verderbt sich selbst; wer aber das Gebot fürchtet, dem wird's vergolten.
Sprüche_Spr_20_13_14_Die Lehre des Weisen ist eine Quelle des Lebens, zu meiden die Stricke des Todes.
Sprüche_Spr_20_13_15_Feine Klugheit schafft Gunst; aber der Verächter Weg bringt Wehe.
Sprüche_Spr_20_13_16_Ein Kluger tut alles mit Vernunft; ein Narr aber breitet Narrheit aus.
Sprüche_Spr_20_13_17_Ein gottloser Bote bringt Unglück; aber ein treuer Bote ist heilsam.
Sprüche_Spr_20_13_18_Wer Zucht läßt fahren, der hat Armut und Schande; wer sich gerne strafen läßt, wird zu ehren kommen.
Sprüche_Spr_20_13_19_Wenn's kommt, was man begehrt, das tut dem Herzen wohl; aber das Böse meiden ist den Toren ein Greuel.
Sprüche_Spr_20_13_20_Wer mit den Weisen umgeht, der wird weise; wer aber der Narren Geselle ist, der wird Unglück haben.
Sprüche_Spr_20_13_21_Unglück verfolgt die Sünder; aber den Gerechten wird Gutes vergolten.
Sprüche_Spr_20_13_22_Der Gute wird vererben auf Kindeskind; aber des Sünders Gut wird für den Gerechten gespart.
Sprüche_Spr_20_13_23_Es ist viel Speise in den Furchen der Armen; aber die Unrecht tun, verderben.
Sprüche_Spr_20_13_24_Wer seine Rute schont, der haßt seinen Sohn; wer ihn aber liebhat, der züchtigt ihn bald.
Sprüche_Spr_20_13_25_Der Gerechte ißt, daß sein Seele satt wird; der Gottlosen Bauch aber hat nimmer genug.
Sprüche_Spr_20_14_1_Durch weise Weiber wird das Haus erbaut; eine Närrin aber zerbricht's mit ihrem Tun.
Sprüche_Spr_20_14_2_Wer den HERRN fürchtet, der wandelt auf rechter Bahn; wer ihn aber verachtet, der geht auf Abwegen.
Sprüche_Spr_20_14_3_Narren reden tyrannisch; aber die Weisen bewahren ihren Mund.
Sprüche_Spr_20_14_4_Wo nicht Ochsen sind, da ist die Krippe rein; aber wo der Ochse geschäftig ist, da ist viel Einkommen.
Sprüche_Spr_20_14_5_Ein treuer Zeuge lügt nicht; aber ein Falscher Zeuge redet frech Lügen.
Sprüche_Spr_20_14_6_Der Spötter sucht Weisheit, und findet sie nicht; aber dem Verständigen ist die Erkenntnis leicht.
Sprüche_Spr_20_14_7_Gehe von dem Narren; denn du lernst nichts von ihm.
Sprüche_Spr_20_14_8_Das ist des Klugen Weisheit, daß er auf seinen Weg merkt; aber der Narren Torheit ist eitel Trug.
Sprüche_Spr_20_14_9_Die Narren treiben das Gespött mit der Sünde; aber die Frommen haben Lust an den Frommen.
Sprüche_Spr_20_14_10_Das Herz kennt sein eigen Leid, und in seine Freude kann sich kein Fremder mengen.
Sprüche_Spr_20_14_11_Das Haus der Gottlosen wird vertilgt; aber die Hütte der Frommen wird grünen.
Sprüche_Spr_20_14_12_Es gefällt manchem ein Weg wohl; aber endlich bringt er ihn zum Tode.
Sprüche_Spr_20_14_13_Auch beim Lachen kann das Herz trauern, und nach der Freude kommt Leid.
Sprüche_Spr_20_14_14_Einem losen Menschen wird's gehen wie er handelt; aber ein Frommer wird über ihn sein.
Sprüche_Spr_20_14_15_Ein Unverständiger glaubt alles; aber ein Kluger merkt auf seinen Gang.
Sprüche_Spr_20_14_16_Ein Weiser fürchtet sich und meidet das Arge; ein Narr aber fährt trotzig hindurch.
Sprüche_Spr_20_14_17_Ein Ungeduldiger handelt töricht; aber ein Bedächtiger haßt es.
Sprüche_Spr_20_14_18_Die Unverständigen erben Narrheit; aber es ist der Klugen Krone, vorsichtig handeln.
Sprüche_Spr_20_14_19_Die Bösen müssen sich bücken vor dem Guten und die Gottlosen in den Toren des Gerechten.
Sprüche_Spr_20_14_20_Einen Armen hassen auch seine Nächsten; aber die Reichen haben viele Freunde.
Sprüche_Spr_20_14_21_Der Sünder verachtet seinen Nächsten; aber wohl dem, der sich der Elenden erbarmt!
Sprüche_Spr_20_14_22_Die mit bösen Ränken umgehen, werden fehlgehen; die aber Gutes denken, denen wird Treue und Güte widerfahren.
Sprüche_Spr_20_14_23_Wo man arbeitet, da ist genug; wo man aber mit Worten umgeht, da ist Mangel.
Sprüche_Spr_20_14_24_Den Weisen ist ihr Reichtum eine Krone; aber die Torheit der Narren bleibt Torheit.
Sprüche_Spr_20_14_25_Ein treuer Zeuge errettet das Leben; aber ein falscher Zeuge betrügt.
Sprüche_Spr_20_14_26_Wer den HERRN fürchtet, der hat eine sichere Festung, und seine Kinder werden auch beschirmt.
Sprüche_Spr_20_14_27_Die Furcht des HERRN ist eine Quelle des Lebens, daß man meide die Stricke des Todes.
Sprüche_Spr_20_14_28_Wo ein König viel Volks hat, das ist seine Herrlichkeit; wo aber wenig Volks ist, das macht einen Herrn blöde.
Sprüche_Spr_20_14_29_Wer geduldig ist, der ist weise; wer aber ungeduldig ist, der offenbart seine Torheit.
Sprüche_Spr_20_14_30_Ein gütiges Herz ist des Leibes Leben; aber Neid ist Eiter in den Gebeinen.
Sprüche_Spr_20_14_31_Wer dem Geringen Gewalt tut, der lästert desselben Schöpfer; aber wer sich des Armen erbarmt, der ehrt Gott.
Sprüche_Spr_20_14_32_Der Gottlose besteht nicht in seinem Unglück; aber der Gerechte ist auch in seinem Tod getrost.
Sprüche_Spr_20_14_33_Im Herzen des Verständigen ruht Weisheit, und wird offenbar unter den Narren.
Sprüche_Spr_20_14_34_Gerechtigkeit erhöhet ein Volk; aber die Sünde ist der Leute Verderben.
Sprüche_Spr_20_14_35_Ein kluger Knecht gefällt dem König wohl; aber einem schändlichen Knecht ist er feind.
Sprüche_Spr_20_15_1_Eine linde Antwort stillt den Zorn; aber ein hartes Wort richtet Grimm an.
Sprüche_Spr_20_15_2_Der Weisen Zunge macht die Lehre lieblich; der Narren Mund speit eitel Narrheit.
Sprüche_Spr_20_15_3_Die Augen des HERRN schauen an allen Orten beide, die Bösen und die Frommen.
Sprüche_Spr_20_15_4_Ein heilsame Zunge ist ein Baum des Lebens; aber eine lügenhafte macht Herzeleid.
Sprüche_Spr_20_15_5_Der Narr lästert die Zucht seines Vaters; wer aber Strafe annimmt, der wird klug werden.
Sprüche_Spr_20_15_6_In des Gerechten Haus ist Guts genug; aber in dem Einkommen des Gottlosen ist Verderben.
Sprüche_Spr_20_15_7_Der Weisen Mund streut guten Rat; aber der Narren Herz ist nicht richtig.
Sprüche_Spr_20_15_8_Der Gottlosen Opfer ist dem HERRN ein Greuel; aber das Gebet der Frommen ist ihm angenehm.
Sprüche_Spr_20_15_9_Der Gottlosen Weg ist dem HERRN ein Greuel; wer aber der Gerechtigkeit nachjagt, den liebt er.
Sprüche_Spr_20_15_10_Den Weg verlassen bringt böse Züchtigung, und wer Strafe haßt, der muß sterben.
Sprüche_Spr_20_15_11_Hölle und Abgrund ist vor dem HERRN; wie viel mehr der Menschen Herzen!
Sprüche_Spr_20_15_12_Der Spötter liebt den nicht, der ihn straft, und geht nicht zu den Weisen.
Sprüche_Spr_20_15_13_Ein fröhlich Herz macht ein fröhlich Angesicht; aber wenn das Herz bekümmert ist, so fällt auch der Mut.
Sprüche_Spr_20_15_14_Ein kluges Herz handelt bedächtig; aber der Narren Mund geht mit Torheit um.
Sprüche_Spr_20_15_15_Ein Betrübter hat nimmer einen guten Tag; aber ein guter Mut ist ein täglich Wohlleben.
Sprüche_Spr_20_15_16_Es ist besser ein wenig mit der Furcht des HERRN denn großer Schatz, darin Unruhe ist.
Sprüche_Spr_20_15_17_Es ist besser ein Gericht Kraut mit Liebe, denn ein gemästeter Ochse mit Haß.
Sprüche_Spr_20_15_18_Ein zorniger Mann richtet Hader an; ein Geduldiger aber stillt den Zank.
Sprüche_Spr_20_15_19_Der Weg des Faulen ist dornig; aber der Weg des Frommen ist wohl gebahnt.
Sprüche_Spr_20_15_20_Ein weiser Sohn erfreut den Vater, und ein törichter Mensch ist seiner Mutter Schande.
Sprüche_Spr_20_15_21_Dem Toren ist die Torheit eine Freude; aber ein verständiger Mann bleibt auf dem rechten Wege.
Sprüche_Spr_20_15_22_Die Anschläge werden zunichte, wo nicht Rat ist; wo aber viel Ratgeber sind, bestehen sie.
Sprüche_Spr_20_15_23_Es ist einem Manne eine Freude, wenn er richtig antwortet; und ein Wort zu seiner Zeit ist sehr lieblich.
Sprüche_Spr_20_15_24_Der Weg des Lebens geht überwärts für den Klugen, auf daß er meide die Hölle unterwärts.
Sprüche_Spr_20_15_25_Der HERR wird das Haus des Hoffärtigen zerbrechen und die Grenze der Witwe bestätigen.
Sprüche_Spr_20_15_26_Die Anschläge des Argen sind dem HERRN ein Greuel; aber freundlich reden die Reinen.
Sprüche_Spr_20_15_27_Der Geizige verstört sein eigen Haus; wer aber Geschenke haßt, der wird leben.
Sprüche_Spr_20_15_28_Das Herz des Gerechten ersinnt, was zu antworten ist; aber der Mund der Gottlosen schäumt Böses.
Sprüche_Spr_20_15_29_Der HERR ist fern von den Gottlosen; aber der Gerechten Gebet erhört er.
Sprüche_Spr_20_15_30_Freundlicher Anblick erfreut das Herz; eine gute Botschaft labt das Gebein.
Sprüche_Spr_20_15_31_Das Ohr, das da hört die Strafe des Lebens, wird unter den Weisen wohnen.
Sprüche_Spr_20_15_32_Wer sich nicht ziehen läßt, der macht sich selbst zunichte; wer aber auf Strafe hört, der wird klug.
Sprüche_Spr_20_15_33_Die Furcht des HERRN ist Zucht und Weisheit; und ehe man zu Ehren kommt, muß man zuvor leiden.
Sprüche_Spr_20_16_1_Der Mensch setzt sich's wohl vor im Herzen; aber vom HERRN kommt, was die Zunge reden soll.
Sprüche_Spr_20_16_2_Einem jeglichen dünken seine Wege rein; aber der HERR wägt die Geister.
Sprüche_Spr_20_16_3_Befiehl dem HERRN deine Werke, so werden deine Anschläge fortgehen.
Sprüche_Spr_20_16_4_Der HERR macht alles zu bestimmtem Ziel, auch den Gottlosen für den bösen Tag.
Sprüche_Spr_20_16_5_Ein stolzes Herz ist dem HERRN ein Greuel und wird nicht ungestraft bleiben, wenn sie gleich alle aneinander hängen.
Sprüche_Spr_20_16_6_Durch Güte und Treue wird Missetat versöhnt, und durch die Furcht des HERRN meidet man das Böse.
Sprüche_Spr_20_16_7_Wenn jemands Wege dem HERRN wohl gefallen, so macht er auch seine Feinde mit ihm zufrieden.
Sprüche_Spr_20_16_8_Es ist besser ein wenig mit Gerechtigkeit denn viel Einkommen mit Unrecht.
Sprüche_Spr_20_16_9_Des Menschen Herz erdenkt sich seinen Weg; aber der HERR allein gibt, daß er fortgehe.
Sprüche_Spr_20_16_10_Weissagung ist in dem Munde des Königs; sein Mund fehlt nicht im Gericht.
Sprüche_Spr_20_16_11_Rechte Waage und Gewicht ist vom HERRN; und alle Pfunde im Sack sind seine Werke.
Sprüche_Spr_20_16_12_Den Königen ist Unrecht tun ein Greuel; denn durch Gerechtigkeit wird der Thron befestigt.
Sprüche_Spr_20_16_13_Recht raten gefällt den Königen; und wer aufrichtig redet, wird geliebt.
Sprüche_Spr_20_16_14_Des Königs Grimm ist ein Bote des Todes; aber ein weiser Mann wird ihn versöhnen.
Sprüche_Spr_20_16_15_Wenn des Königs Angesicht freundlich ist, das ist Leben, und seine Gnade ist wie ein Spätregen.
Sprüche_Spr_20_16_16_Nimm an die Weisheit, denn sie ist besser als Gold; und Verstand haben ist edler als Silber.
Sprüche_Spr_20_16_17_Der Frommen Weg meidet das Arge; und wer seinen Weg bewahrt, der erhält sein Leben.
Sprüche_Spr_20_16_18_Wer zu Grunde gehen soll, der wird zuvor stolz; und Hochmut kommt vor dem Fall.
Sprüche_Spr_20_16_19_Es ist besser niedrigen Gemüts sein mit den Elenden, denn Raub austeilen mit den Hoffärtigen.
Sprüche_Spr_20_16_20_Wer eine Sache klüglich führt, der findet Glück; und wohl dem, der sich auf den HERRN verläßt!
Sprüche_Spr_20_16_21_Ein Verständiger wird gerühmt für einen weisen Mann, und liebliche Reden lehren wohl.
Sprüche_Spr_20_16_22_Klugheit ist wie ein Brunnen des Lebens dem, der sie hat; aber die Zucht der Narren ist Narrheit.
Sprüche_Spr_20_16_23_Ein weises Herz redet klug und lehrt wohl.
Sprüche_Spr_20_16_24_Die Reden des Freundlichen sind Honigseim, trösten die Seele und erfrischen die Gebeine.
Sprüche_Spr_20_16_25_Manchem gefällt ein Weg wohl; aber zuletzt bringt er ihn zum Tode.
Sprüche_Spr_20_16_26_Mancher kommt zu großem Unglück durch sein eigen Maul.
Sprüche_Spr_20_16_27_Ein loser Mensch gräbt nach Unglück, und in seinem Maul brennt Feuer.
Sprüche_Spr_20_16_28_Ein verkehrter Mensch richtet Hader an, und ein Verleumder macht Freunde uneins.
Sprüche_Spr_20_16_29_Ein Frevler lockt seinen Nächsten und führt ihn auf keinen guten Weg.
Sprüche_Spr_20_16_30_Wer mit den Augen winkt, denkt nichts Gutes; und wer mit den Lippen andeutet, vollbringt Böses.
Sprüche_Spr_20_16_31_Graue Haare sind eine Krone der Ehren, die auf dem Wege der Gerechtigkeit gefunden wird.
Sprüche_Spr_20_16_32_Ein Geduldiger ist besser denn ein Starker, und der seines Mutes Herr ist, denn der Städte gewinnt.
Sprüche_Spr_20_16_33_Das Los wird geworfen in den Schoß; aber es fällt, wie der HERR will.
Sprüche_Spr_20_17_1_Es ist ein trockner Bissen, daran man sich genügen läßt, besser denn ein Haus voll Geschlachtetes mit Hader.
Sprüche_Spr_20_17_2_Ein kluger Knecht wird herrschen über unfleißige Erben und wird unter den Brüdern das Erbe austeilen.
Sprüche_Spr_20_17_3_Wie das Feuer Silber und der Ofen Gold, also prüft der HERR die Herzen.
Sprüche_Spr_20_17_4_Ein Böser achtet auf böse Mäuler, und ein Falscher gehorcht den schädlichen Zungen.
Sprüche_Spr_20_17_5_Wer des Dürftigen spottet, der höhnt desselben Schöpfer; und wer sich über eines andern Unglück freut, der wird nicht ungestraft bleiben.
Sprüche_Spr_20_17_6_Der Alten Krone sind Kindeskinder, und der Kinder Ehre sind ihre Väter.
Sprüche_Spr_20_17_7_Es steht einem Narren nicht wohl an, von hohen Dingen reden, viel weniger einem Fürsten, daß er gern lügt.
Sprüche_Spr_20_17_8_Wer zu schenken hat, dem ist's ein Edelstein; wo er sich hin kehrt, ist er klug geachtet.
Sprüche_Spr_20_17_9_Wer Sünde zudeckt, der macht Freundschaft; wer aber die Sache aufrührt, der macht Freunde uneins.
Sprüche_Spr_20_17_10_Schelten bringt mehr ein an dem Verständigen denn hundert Schläge an dem Narren.
Sprüche_Spr_20_17_11_Ein bitterer Mensch trachtet, eitel Schaden zu tun; aber es wird ein grimmiger Engel über ihn kommen.
Sprüche_Spr_20_17_12_Es ist besser, einem Bären begegnen, dem die Jungen geraubt sind, denn einem Narren in seiner Narrheit.
Sprüche_Spr_20_17_13_Wer Gutes mit Bösem vergilt, von dessen Haus wird Böses nicht lassen.
Sprüche_Spr_20_17_14_Wer Hader anfängt, ist gleich dem, der dem Wasser den Damm aufreißt. Laß du vom Hader, ehe du drein gemengt wirst.
Sprüche_Spr_20_17_15_Wer den Gottlosen gerechtspricht und den Gerechten verdammt, die sind beide dem HERRN ein Greuel.
Sprüche_Spr_20_17_16_Was soll dem Narren Geld in der Hand, Weisheit zu kaufen, so er doch ein Narr ist?
Sprüche_Spr_20_17_17_Ein Freund liebt allezeit, und als ein Bruder wird er in Not erfunden.
Sprüche_Spr_20_17_18_Es ist ein Narr, der in die Hand gelobt und Bürge wird für seinen Nächsten.
Sprüche_Spr_20_17_19_Wer Zank liebt, der liebt Sünde; und wer seine Türe hoch macht, ringt nach Einsturz.
Sprüche_Spr_20_17_20_Ein verkehrtes Herz findet nichts Gutes; und der verkehrter Zunge ist, wird in Unglück fallen.
Sprüche_Spr_20_17_21_Wer einen Narren zeugt, der hat Grämen; und eines Narren Vater hat keine Freude.
Sprüche_Spr_20_17_22_Ein fröhlich Herz macht das Leben lustig; aber ein betrübter Mut vertrocknet das Gebein.
Sprüche_Spr_20_17_23_Der Gottlose nimmt heimlich gern Geschenke, zu beugen den Weg des Rechts.
Sprüche_Spr_20_17_24_Ein Verständiger gebärdet sich weise; ein Narr wirft die Augen hin und her.
Sprüche_Spr_20_17_25_Ein törichter Sohn ist seines Vaters Trauern und Betrübnis der Mutter, die ihn geboren hat.
Sprüche_Spr_20_17_26_Es ist nicht gut, daß man den Gerechten schindet, noch den Edlen zu schlagen, der recht handelt.
Sprüche_Spr_20_17_27_Ein Vernünftiger mäßigt seine Rede; und ein verständiger Mann ist kaltes Muts.
Sprüche_Spr_20_17_28_Ein Narr, wenn er schwiege, wurde auch für weise gerechnet, und für verständig, wenn er das Maul hielte.
Sprüche_Spr_20_18_1_Wer sich absondert, der sucht, was ihn gelüstet, und setzt sich wider alles, was gut ist.
Sprüche_Spr_20_18_2_Ein Narr hat nicht Lust am Verstand, sondern kundzutun, was in seinem Herzen steckt.
Sprüche_Spr_20_18_3_Wo der Gottlose hin kommt, da kommt Verachtung und Schmach mit Hohn.
Sprüche_Spr_20_18_4_Die Worte in eines Mannes Munde sind wie tiefe Wasser, und die Quelle der Weisheit ist ein voller Strom.
Sprüche_Spr_20_18_5_Es ist nicht gut, die Person des Gottlosen achten, zu beugen den Gerechten im Gericht.
Sprüche_Spr_20_18_6_Die Lippen des Narren bringen Zank, und sein Mund ringt nach Schlägen.
Sprüche_Spr_20_18_7_Der Mund des Narren schadet ihm selbst, und seine Lippen fangen seine eigene Seele.
Sprüche_Spr_20_18_8_Die Worte des Verleumders sind Schläge und gehen einem durchs Herz.
Sprüche_Spr_20_18_9_Wer lässig ist in seiner Arbeit, der ist ein Bruder des, der das Seine umbringt.
Sprüche_Spr_20_18_10_Der Name des HERRN ist ein festes Schloß; der Gerechte läuft dahin und wird beschirmt.
Sprüche_Spr_20_18_11_Das Gut des Reichen ist ihm eine feste Stadt und wie hohe Mauern in seinem Dünkel.
Sprüche_Spr_20_18_12_Wenn einer zu Grunde gehen soll, wird sein Herz zuvor stolz; und ehe man zu Ehren kommt, muß man zuvor leiden.
Sprüche_Spr_20_18_13_Wer antwortet ehe er hört, dem ist's Narrheit und Schande.
Sprüche_Spr_20_18_14_Wer ein fröhlich Herz hat, der weiß sich in seinem Leiden zu halten; wenn aber der Mut liegt, wer kann's tragen?
Sprüche_Spr_20_18_15_Ein verständiges Herz weiß sich vernünftig zu halten; und die Weisen hören gern, wie man vernünftig handelt.
Sprüche_Spr_20_18_16_Das Geschenk des Menschen macht ihm Raum und bringt ihn vor die großen Herren.
Sprüche_Spr_20_18_17_Ein jeglicher ist zuerst in seiner Sache gerecht; kommt aber sein Nächster hinzu, so findet sich's.
Sprüche_Spr_20_18_18_Das Los stillt den Hader und scheidet zwischen den Mächtigen.
Sprüche_Spr_20_18_19_Ein verletzter Bruder hält härter den eine feste Stadt, und Zank hält härter denn Riegel am Palast.
Sprüche_Spr_20_18_20_Einem Mann wird vergolten, darnach sein Mund geredet hat, und er wird gesättigt von der Frucht seiner Lippen.
Sprüche_Spr_20_18_21_Tod und Leben steht in der Zunge Gewalt; wer sie liebt, der wird von ihrer Frucht essen.
Sprüche_Spr_20_18_22_Wer eine Ehefrau findet, der findet etwas Gutes und kann guter Dinge sein im HERRN.
Sprüche_Spr_20_18_23_Ein Armer redet mit Flehen, ein Reicher antwortet stolz.
Sprüche_Spr_20_18_24_Ein treuer Freund liebt mehr uns steht fester bei denn ein Bruder.
Sprüche_Spr_20_19_1_Ein Armer, der in seiner Frömmigkeit wandelt, ist besser denn ein Verkehrter mit seinen Lippen, der doch ein Narr ist.
Sprüche_Spr_20_19_2_Wo man nicht mit Vernunft handelt, da geht's nicht wohl zu; und wer schnell ist mit Füßen, der tut sich Schaden.
Sprüche_Spr_20_19_3_Die Torheit eines Menschen verleitet seinen Weg, und doch tobt sein Herz wider den HERRN.
Sprüche_Spr_20_19_4_Gut macht viele Freunde; aber der Arme wird von seinen Freunden verlassen.
Sprüche_Spr_20_19_5_Ein falscher Zeuge bleibt nicht ungestraft; und wer Lügen frech redet, wird nicht entrinnen.
Sprüche_Spr_20_19_6_Viele schmeicheln der Person des Fürsten; und alle sind Freunde des, der Geschenke gibt.
Sprüche_Spr_20_19_7_Den Armen hassen alle seine Brüder; wie viel mehr halten sich seine Freunde von ihm fern! Und wer sich auf Worte verläßt, dem wird nichts.
Sprüche_Spr_20_19_8_Wer klug wird, liebt sein Leben; und der Verständige findet Gutes.
Sprüche_Spr_20_19_9_Ein falscher Zeuge bleibt nicht ungestraft; und wer frech Lügen redet, wird umkommen.
Sprüche_Spr_20_19_10_Dem Narren steht nicht wohl an, gute Tage haben, viel weniger einem Knecht, zu herrschen über Fürsten.
Sprüche_Spr_20_19_11_Wer geduldig ist, der ist ein kluger Mensch, und ist ihm eine Ehre, daß er Untugend überhören kann.
Sprüche_Spr_20_19_12_Die Ungnade des Königs ist wie das Brüllen eines jungen Löwen; aber seine Gnade ist wie der Tau auf dem Grase.
Sprüche_Spr_20_19_13_Ein törichter Sohn ist seines Vaters Herzeleid, und ein zänkisches Weib ein stetiges Triefen.
Sprüche_Spr_20_19_14_Haus und Güter vererben die Eltern; aber ein vernünftiges Weib kommt vom HERRN.
Sprüche_Spr_20_19_15_Faulheit bringt Schlafen, und eine lässige Seele wird Hunger leiden.
Sprüche_Spr_20_19_16_Wer das Gebot bewahrt, der bewahrt sein Leben; wer aber seines Weges nicht achtet, wird sterben.
Sprüche_Spr_20_19_17_Wer sich des Armen erbarmt, der leihet dem HERRN; der wird ihm wieder Gutes vergelten.
Sprüche_Spr_20_19_18_Züchtige deinen Sohn, solange Hoffnung da ist; aber laß deine Seele nicht bewegt werden, ihn zu töten.
Sprüche_Spr_20_19_19_Großer Grimm muß Schaden leiden; denn willst du ihm steuern, so wird er noch größer.
Sprüche_Spr_20_19_20_Gehorche dem Rat, und nimm Zucht an, daß du hernach weise seiest.
Sprüche_Spr_20_19_21_Es sind viel Anschläge in eines Mannes Herzen; aber der Rat des HERRN besteht.
Sprüche_Spr_20_19_22_Ein Mensch hat Lust an seiner Wohltat; und ein Armer ist besser denn ein Lügner.
Sprüche_Spr_20_19_23_Die Furcht des HERRN fördert zum Leben, und wird satt bleiben, daß kein Übel sie heimsuchen wird.
Sprüche_Spr_20_19_24_Der Faule verbirgt seine Hand im Topf und bringt sie nicht wieder zum Munde.
Sprüche_Spr_20_19_25_Schlägt man den Spötter, so wird der Unverständige klug; straft man einen Verständigen, so wird er vernünftig.
Sprüche_Spr_20_19_26_Wer Vater verstört und Mutter verjagt, der ist ein schändliches und verfluchtes Kind.
Sprüche_Spr_20_19_27_Laß ab, mein Sohn, zu hören die Zucht, und doch abzuirren von vernünftiger Lehre.
Sprüche_Spr_20_19_28_Ein loser Zeuge spottet des Rechts, und der Gottlosen Mund verschlingt das Unrecht.
Sprüche_Spr_20_19_29_Den Spöttern sind Strafen bereitet, und Schläge auf der Narren Rücken.
Sprüche_Spr_20_20_1_Der Wein macht lose Leute, und starkes Getränk macht wild; wer dazu Lust hat, wird nimmer weise.
Sprüche_Spr_20_20_2_Das Schrecken des Königs ist wie das Brüllen eines jungen Löwen; wer ihn erzürnt, der sündigt wider sein Leben.
Sprüche_Spr_20_20_3_Es ist dem Mann eine Ehre, vom Hader bleiben; aber die gern Hadern, sind allzumal Narren.
Sprüche_Spr_20_20_4_Um der Kälte willen will der Faule nicht pflügen; so muß er in der Ernte betteln und nichts kriegen.
Sprüche_Spr_20_20_5_Der Rat im Herzen eines Mannes ist wie tiefe Wasser; aber ein Verständiger kann's merken, was er meint.
Sprüche_Spr_20_20_6_Viele Menschen werden fromm gerühmt; aber wer will finden einen, der rechtschaffen fromm sei?
Sprüche_Spr_20_20_7_Ein Gerechter, der in seiner Frömmigkeit wandelt, des Kindern wird's wohl gehen nach ihm.
Sprüche_Spr_20_20_8_Ein König, der auf seinem Stuhl sitzt, zu richten, zerstreut alles Arge mit seinen Augen.
Sprüche_Spr_20_20_9_Wer kann sagen: Ich bin rein in meinem Herzen und lauter von meiner Sünde?
Sprüche_Spr_20_20_10_Mancherlei Gewicht und Maß ist beides Greuel dem HERRN.
Sprüche_Spr_20_20_11_Auch einen Knaben kennt man an seinem Wesen, ob er fromm und redlich werden will.
Sprüche_Spr_20_20_12_Ein hörend Ohr und sehend Auge, die macht beide der HERR.
Sprüche_Spr_20_20_13_Liebe den Schlaf nicht, daß du nicht arm werdest; laß deine Augen wacker sein, so wirst du Brot genug haben.
Sprüche_Spr_20_20_14_\"Böse, böse!\" spricht man, wenn man's hat; aber wenn's weg ist, so rühmt man es dann.
Sprüche_Spr_20_20_15_Es gibt Gold und viele Perlen; aber ein vernünftiger Mund ist ein edles Kleinod.
Sprüche_Spr_20_20_16_Nimm dem sein Kleid, der für einen andern Bürge wird, und pfände ihn um des Fremden willen.
Sprüche_Spr_20_20_17_Das gestohlene Brot schmeckt dem Manne wohl; aber hernach wird ihm der Mund voll Kieselsteine werden.
Sprüche_Spr_20_20_18_Anschläge bestehen, wenn man sie mit Rat führt; und Krieg soll man mit Vernunft führen.
Sprüche_Spr_20_20_19_Sei unverworren mit dem, der Heimlichkeit offenbart, und mit dem Verleumder und mit dem falschen Maul.
Sprüche_Spr_20_20_20_Wer seinem Vater und seiner Mutter flucht, des Leuchte wird verlöschen mitten in der Finsternis.
Sprüche_Spr_20_20_21_Das Erbe, darnach man zuerst sehr eilt wird zuletzt nicht gesegnet sein.
Sprüche_Spr_20_20_22_Sprich nicht: Ich will Böses vergelten! Harre des HERRN, der wird dir helfen.
Sprüche_Spr_20_20_23_Mancherlei Gewicht ist ein Greuel dem HERRN, und eine falsche Waage ist nicht gut.
Sprüche_Spr_20_20_24_Jedermanns Gänge kommen vom HERRN. Welcher Mensch versteht seinen Weg?
Sprüche_Spr_20_20_25_Es ist dem Menschen ein Strick, sich mit Heiligem übereilen und erst nach den Geloben überlegen.
Sprüche_Spr_20_20_26_Ein weiser König zerstreut die Gottlosen und bringt das Rad über sie.
Sprüche_Spr_20_20_27_Eine Leuchte des HERRN ist des Menschen Geist; die geht durch alle Kammern des Leibes.
Sprüche_Spr_20_20_28_Fromm und wahrhaftig sein behütet den König, und sein Thron besteht durch Frömmigkeit.
Sprüche_Spr_20_20_29_Der Jünglinge Stärke ist ihr Preis; und graues Haar ist der Alten Schmuck.
Sprüche_Spr_20_20_30_Man muß dem Bösen wehren mit harter Strafe und mit ernsten Schlägen, die man fühlt.
Sprüche_Spr_20_21_1_Des Königs Herz ist in der Hand des HERRN wie Wasserbäche, und er neigt es wohin er will.
Sprüche_Spr_20_21_2_Einen jeglichen dünkt sein Weg recht; aber der HERR wägt die Herzen.
Sprüche_Spr_20_21_3_Wohl und recht tun ist dem HERRN lieber denn Opfer.
Sprüche_Spr_20_21_4_Hoffärtige Augen und stolzer Mut, die Leuchte der Gottlosen, ist Sünde.
Sprüche_Spr_20_21_5_Die Anschläge eines Emsigen bringen Überfluß; wer aber allzu rasch ist, dem wird's mangeln.
Sprüche_Spr_20_21_6_Wer Schätze sammelt mit Lügen, der wird fehlgehen und ist unter denen, die den Tod suchen.
Sprüche_Spr_20_21_7_Der Gottlosen Rauben wird sie erschrecken; denn sie wollten nicht tun, was recht war.
Sprüche_Spr_20_21_8_Wer mit Schuld beladen ist, geht krumme Wege; wer aber rein ist, des Werk ist recht.
Sprüche_Spr_20_21_9_Es ist besser wohnen im Winkel auf dem Dach, denn bei einem zänkischen Weibe in einem Haus beisammen.
Sprüche_Spr_20_21_10_Die Seele des Gottlosen wünscht Arges und gönnt seinem Nächsten nichts.
Sprüche_Spr_20_21_11_Wenn der Spötter gestraft wird, so werden die Unvernünftigen Weise; und wenn man einen Weisen unterrichtet, so wird er vernünftig.
Sprüche_Spr_20_21_12_Der Gerechte hält sich weislich gegen des Gottlosen Haus; aber die Gottlosen denken nur Schaden zu tun.
Sprüche_Spr_20_21_13_Wer seine Ohren verstopft vor dem Schreien des Armen, der wird auch rufen, und nicht erhört werden.
Sprüche_Spr_20_21_14_Eine heimliche Gabe stillt den Zorn, und ein Geschenk im Schoß den heftigen Grimm.
Sprüche_Spr_20_21_15_Es ist dem Gerechten eine Freude, zu tun, was recht ist, aber eine Furcht den Übeltätern.
Sprüche_Spr_20_21_16_Ein Mensch, der vom Wege der Klugheit irrt, wird bleiben in der Toten Gemeinde.
Sprüche_Spr_20_21_17_Wer gern in Freuden lebt, dem wird's mangeln; und wer Wein und Öl liebt, wird nicht reich.
Sprüche_Spr_20_21_18_Der Gottlose muß für den Gerechten gegeben werden und der Verächter für die Frommen.
Sprüche_Spr_20_21_19_Es ist besser, wohnen im wüsten Lande denn bei einem zänkischen und zornigen Weibe.
Sprüche_Spr_20_21_20_Im Hause des Weisen ist ein lieblicher Schatz und Öl; aber ein Narr verschlemmt es.
Sprüche_Spr_20_21_21_Wer der Gerechtigkeit und Güte nachjagt, der findet Leben, Gerechtigkeit und Ehre.
Sprüche_Spr_20_21_22_Ein Weiser gewinnt die Stadt der Starken und stürzt ihre Macht, darauf sie sich verläßt.
Sprüche_Spr_20_21_23_Wer seinen Mund und seine Zunge bewahrt, der bewahrt seine Seele vor Angst.
Sprüche_Spr_20_21_24_Der stolz und vermessen ist, heißt ein Spötter, der im Zorn Stolz beweist.
Sprüche_Spr_20_21_25_Der Faule stirbt über seinem Wünschen; denn seine Hände wollen nichts tun.
Sprüche_Spr_20_21_26_Er wünscht den ganzen Tag; aber der Gerechte gibt, und versagt nicht.
Sprüche_Spr_20_21_27_Der Gottlosen Opfer ist ein Greuel; denn es wird in Sünden geopfert.
Sprüche_Spr_20_21_28_Ein lügenhafter Zeuge wird umkommen; aber wer sich sagen läßt, den läßt man auch allezeit wiederum reden.
Sprüche_Spr_20_21_29_Der Gottlose fährt mit dem Kopf hindurch; aber wer fromm ist, des Weg wird bestehen.
Sprüche_Spr_20_21_30_Es hilft keine Weisheit, kein Verstand, kein Rat wider den HERRN.
Sprüche_Spr_20_21_31_Rosse werden zum Streittage bereitet; aber der Sieg kommt vom HERRN.
Sprüche_Spr_20_22_1_Ein guter Ruf ist köstlicher denn großer Reichtum, und Gunst besser denn Silber und Gold.
Sprüche_Spr_20_22_2_Reiche und Arme müssen untereinander sein; der HERR hat sie alle gemacht.
Sprüche_Spr_20_22_3_Der Kluge sieht das Unglück und verbirgt sich; die Unverständigen gehen hindurch und werden beschädigt.
Sprüche_Spr_20_22_4_Wo man leidet in des HERRN Furcht, da ist Reichtum, Ehre und Leben.
Sprüche_Spr_20_22_5_Stachel und Stricke sind auf dem Wege des Verkehrten; wer sich aber davon fernhält, bewahrt sein Leben.
Sprüche_Spr_20_22_6_Wie man einen Knaben gewöhnt, so läßt er nicht davon, wenn er alt wird.
Sprüche_Spr_20_22_7_Der Reiche herrscht über die Armen; und wer borgt, ist des Leihers Knecht.
Sprüche_Spr_20_22_8_Wer Unrecht sät, der wird Mühsal ernten und wird durch die Rute seiner Bosheit umkommen.
Sprüche_Spr_20_22_9_Ein gütiges Auge wird gesegnet; denn er gibt von seinem Brot den Armen.
Sprüche_Spr_20_22_10_Treibe den Spötter aus, so geht der Zank weg, so hört auf Hader und Schmähung.
Sprüche_Spr_20_22_11_Wer ein treues Herz und liebliche Rede hat, des Freund ist der König.
Sprüche_Spr_20_22_12_Die Augen des HERRN behüten guten Rat; aber die Worte des Verächters verkehrt er.
Sprüche_Spr_20_22_13_Der Faule spricht: Es ist ein Löwe draußen, ich möchte erwürgt werden auf der Gasse.
Sprüche_Spr_20_22_14_Der Huren Mund ist eine Tiefe Grube; wem der HERR ungnädig ist, der fällt hinein.
Sprüche_Spr_20_22_15_Torheit steckt dem Knaben im Herzen; aber die Rute der Zucht wird sie fern von ihm treiben.
Sprüche_Spr_20_22_16_Wer dem Armen Unrecht tut, daß seines Guts viel werde, der wird auch einem Reichen geben, und Mangel haben.
Sprüche_Spr_20_22_17_Neige deine Ohren und höre die Worte der Weisen und nimm zu Herzen meine Lehre.
Sprüche_Spr_20_22_18_Denn es wird dir sanft tun, wo du sie wirst im Sinne behalten und sie werden miteinander durch deinen Mund wohl geraten.
Sprüche_Spr_20_22_19_Daß deine Hoffnung sei auf den HERRN, erinnere ich dich an solches heute dir zugut.
Sprüche_Spr_20_22_20_Habe ich dir's nicht mannigfaltig vorgeschrieben mit Rat und Lehren,
Sprüche_Spr_20_22_21_daß ich dir zeigte einen gewissen Grund der Wahrheit, daß du recht antworten könntest denen, die dich senden?
Sprüche_Spr_20_22_22_Beraube den Armen nicht, ob er wohl arm ist, und unterdrücke den Elenden nicht im Tor.
Sprüche_Spr_20_22_23_Denn der HERR wird ihre Sache führen und wird ihre Untertreter untertreten.
Sprüche_Spr_20_22_24_Geselle dich nicht zum Zornigen und halte dich nicht zu einem grimmigen Mann;
Sprüche_Spr_20_22_25_du möchtest seinen Weg lernen und an deiner Seele Schaden nehmen.
Sprüche_Spr_20_22_26_Sei nicht bei denen, die ihre Hand verhaften und für Schuld Bürge werden;
Sprüche_Spr_20_22_27_denn wo du es nicht hast, zu bezahlen, so wird man dir dein Bett unter dir wegnehmen.
Sprüche_Spr_20_22_28_Verrücke nicht die vorigen Grenzen, die deine Väter gemacht haben.
Sprüche_Spr_20_22_29_Siehst du einen Mann behend in seinem Geschäft, der wird vor den Königen stehen und wird nicht stehen vor den Unedlen.
Sprüche_Spr_20_23_1_Wenn du sitzest und issest mit einem Herrn, so merke, wen du vor dir hast,
Sprüche_Spr_20_23_2_und setze ein Messer an deine Kehle, wenn du gierig bist.
Sprüche_Spr_20_23_3_Wünsche dir nichts von seinen feinen Speisen; denn es ist falsches Brot.
Sprüche_Spr_20_23_4_Bemühe dich nicht reich zu werden und laß ab von deinen Fündlein.
Sprüche_Spr_20_23_5_Laß dein Augen nicht fliegen nach dem, was du nicht haben kannst; denn dasselbe macht sich Flügel wie ein Adler und fliegt gen Himmel.
Sprüche_Spr_20_23_6_Iß nicht Brot bei einem Neidischen und wünsche dir von seinen feinen Speisen nichts.
Sprüche_Spr_20_23_7_Denn wie ein Gespenst ist er inwendig; er spricht: Iß und trink! und sein Herz ist doch nicht mit dir.
Sprüche_Spr_20_23_8_Deine Bissen die du gegessen hattest, mußt du ausspeien, und mußt deine freundlichen Worte verloren haben.
Sprüche_Spr_20_23_9_Rede nicht vor des Narren Ohren; denn er verachtet die Klugheit deiner Rede.
Sprüche_Spr_20_23_10_Verrücke nicht die vorigen Grenzen und gehe nicht auf der Waisen Acker.
Sprüche_Spr_20_23_11_Denn ihr Erlöser ist mächtig; der wird ihre Sache wider dich ausführen.
Sprüche_Spr_20_23_12_Gib dein Herz zur Zucht und deine Ohren zu vernünftiger Rede.
Sprüche_Spr_20_23_13_Laß nicht ab den Knaben zu züchtigen; denn wenn du ihn mit der Rute haust, so wird man ihn nicht töten.
Sprüche_Spr_20_23_14_Du haust ihn mit der Rute; aber du errettest seine Seele vom Tode.
Sprüche_Spr_20_23_15_Mein Sohn, wenn dein Herz weise ist, so freut sich auch mein Herz;
Sprüche_Spr_20_23_16_und meine Nieren sind froh, wenn deine Lippen reden, was recht ist.
Sprüche_Spr_20_23_17_Dein Herz folge nicht den Sündern, sondern sei täglich in der Furcht des HERRN.
Sprüche_Spr_20_23_18_Denn es wird dir hernach gut sein, und dein Warten wird nicht trügen.
Sprüche_Spr_20_23_19_Höre, mein Sohn, und sei weise und richte dein Herz in den Weg.
Sprüche_Spr_20_23_20_Sei nicht unter den Säufern und Schlemmern;
Sprüche_Spr_20_23_21_denn die Säufer und Schlemmer verarmen, und ein Schläfer muß zerrissene Kleider tragen.
Sprüche_Spr_20_23_22_Gehorche deinem Vater, der dich gezeugt hat, und verachte deine Mutter nicht, wenn sie alt wird.
Sprüche_Spr_20_23_23_Kaufe Wahrheit, und verkaufe sie nicht, Weisheit, Zucht und Verstand.
Sprüche_Spr_20_23_24_Der Vater eines Gerechten freut sich; und wer einen Weisen gezeugt hat, ist fröhlich darüber.
Sprüche_Spr_20_23_25_Laß sich deinen Vater und deine Mutter freuen, und fröhlich sein, die dich geboren hat.
Sprüche_Spr_20_23_26_Gib mir, mein Sohn, dein Herz, und laß deinen Augen meine Wege wohl gefallen.
Sprüche_Spr_20_23_27_Denn eine Hure ist eine tiefe Grube, und eine Ehebrecherin ist ein enger Brunnen.
Sprüche_Spr_20_23_28_Auch lauert sie wie ein Räuber, und die Frechen unter den Menschen sammelt sie zu sich.
Sprüche_Spr_20_23_29_Wo ist Weh? wo ist Leid? wo ist Zank? wo ist Klagen? wo sind Wunden ohne Ursache? wo sind trübe Augen?
Sprüche_Spr_20_23_30_Wo man beim Wein liegt und kommt, auszusaufen, was eingeschenkt ist.
Sprüche_Spr_20_23_31_Siehe den Wein nicht an, daß er so rot ist und im Glase so schön steht. Er geht glatt ein;
Sprüche_Spr_20_23_32_aber danach beißt er wie eine Schlange und sticht wie eine Otter.
Sprüche_Spr_20_23_33_So werden deine Augen nach andern Weibern sehen, und dein Herz wird verkehrte Dinge reden,
Sprüche_Spr_20_23_34_und wirst sein wie einer, der mitten im Meer schläft, und wie einer schläft oben auf dem Mastbaum.
Sprüche_Spr_20_23_35_\"Sie schlagen mich, aber es tut mir nicht weh; sie klopfen mich, aber ich fühle es nicht. Wann will ich aufwachen, daß ich's mehr treibe?\"
Sprüche_Spr_20_24_1_Folge nicht bösen Leuten und wünsche nicht, bei ihnen zu sein;
Sprüche_Spr_20_24_2_denn ihr Herz trachte nach Schaden, und ihre Lippen raten zu Unglück.
Sprüche_Spr_20_24_3_Durch Weisheit wird ein Haus gebaut und durch Verstand erhalten.
Sprüche_Spr_20_24_4_Durch ordentliches Haushalten werden die Kammern voll aller köstlichen, lieblichen Reichtümer.
Sprüche_Spr_20_24_5_Ein weiser Mann ist stark, und ein vernünftiger Mann ist mächtig von Kräften.
Sprüche_Spr_20_24_6_Denn mit Rat muß man Krieg führen; und wo viele Ratgeber sind, da ist der Sieg.
Sprüche_Spr_20_24_7_Weisheit ist dem Narren zu hoch; er darf seinen Mund im Tor nicht auftun.
Sprüche_Spr_20_24_8_Wer sich vornimmt, Böses zu tun, den heißt man billig einen Erzbösewicht.
Sprüche_Spr_20_24_9_Des Narren Tücke ist Sünde, und der Spötter ist ein Greuel vor den Leuten.
Sprüche_Spr_20_24_10_Der ist nicht stark, der in der Not nicht fest ist.
Sprüche_Spr_20_24_11_Errette die, so man töten will; und entzieh dich nicht von denen, die man würgen will.
Sprüche_Spr_20_24_12_Sprichst du: \"Siehe, wir verstehen's nicht!\" meinst du nicht, der die Herzen wägt, merkt es, und der auf deine Seele achthat, kennt es und vergilt dem Menschen nach seinem Werk?
Sprüche_Spr_20_24_13_Iß, mein Sohn, Honig, denn er ist gut, und Honigseim ist süß in deinem Halse.
Sprüche_Spr_20_24_14_Also lerne die Weisheit für deine Seele. Wo du sie findest, so wird's hernach wohl gehen, und deine Hoffnung wird nicht umsonst sein.
Sprüche_Spr_20_24_15_Laure nicht als Gottloser auf das Haus des Gerechten; verstöre seine Ruhe nicht.
Sprüche_Spr_20_24_16_Denn ein Gerechter fällt siebenmal und steht wieder auf; aber die Gottlosen versinken im Unglück.
Sprüche_Spr_20_24_17_Freue dich des Falles deines Feindes nicht, und dein Herz sei nicht froh über seinem Unglück;
Sprüche_Spr_20_24_18_der HERR möchte es sehen, und es möchte ihm übel gefallen und er seine Zorn von ihm wenden.
Sprüche_Spr_20_24_19_Erzürne dich nicht über die Bösen und eifere nicht über die Gottlosen.
Sprüche_Spr_20_24_20_Denn der Böse hat nichts zu hoffen, und die Leuchte der Gottlosen wird verlöschen.
Sprüche_Spr_20_24_21_Mein Kind, fürchte den HERRN und den König und menge dich nicht unter die Aufrührer.
Sprüche_Spr_20_24_22_Denn ihr Verderben wird plötzlich entstehen; und wer weiß, wann beider Unglück kommt?
Sprüche_Spr_20_24_23_Dies sind auch Worte von Weisen. Die Person ansehen im Gericht ist nicht gut.
Sprüche_Spr_20_24_24_Wer zum Gottlosen spricht: \"Du bist fromm\", dem fluchen die Leute, und das Volk haßt ihn.
Sprüche_Spr_20_24_25_Welche aber strafen, die gefallen wohl, und kommt ein reicher Segen auf sie.
Sprüche_Spr_20_24_26_Eine richtige Antwort ist wie ein lieblicher Kuß.
Sprüche_Spr_20_24_27_Richte draußen dein Geschäft aus und bearbeite deinen Acker; darnach baue dein Haus.
Sprüche_Spr_20_24_28_Sei nicht Zeuge ohne Ursache wider deinen Nächsten und betrüge nicht mit deinem Munde.
Sprüche_Spr_20_24_29_Sprich nicht: \"Wie man mir tut, so will ich wieder tun und einem jeglichen sein Werk vergelten.\"
Sprüche_Spr_20_24_30_Ich ging am Acker des Faulen vorüber und am Weinberg des Narren;
Sprüche_Spr_20_24_31_und siehe, da waren eitel Nesseln darauf, und er stand voll Disteln, und die Mauer war eingefallen.
Sprüche_Spr_20_24_32_Da ich das sah, nahm ich's zu Herzen und schaute und lernte daran.
Sprüche_Spr_20_24_33_Du willst ein wenig schlafen und ein wenig schlummern und ein wenig deine Hände zusammentun, daß du ruhest:
Sprüche_Spr_20_24_34_aber es wird dir deine Armut kommen wie ein Wanderer und dein Mangel wie ein gewappneter Mann.
Sprüche_Spr_20_25_1_Dies sind auch Sprüche Salomos, die hinzugesetzt haben die Männer Hiskias, des Königs in Juda.
Sprüche_Spr_20_25_2_Es ist Gottes Ehre, eine Sache verbergen; aber der Könige Ehre ist's, eine Sache zu erforschen.
Sprüche_Spr_20_25_3_Der Himmel ist hoch und die Erde tief; aber der Könige Herz ist unerforschlich.
Sprüche_Spr_20_25_4_Man tue den Schaum vom Silber, so wird ein reines Gefäß daraus.
Sprüche_Spr_20_25_5_Man tue den Gottlosen hinweg vor dem König, so wird sein Thron mit Gerechtigkeit befestigt.
Sprüche_Spr_20_25_6_Prange nicht vor dem König und tritt nicht an den Ort der Großen.
Sprüche_Spr_20_25_7_Denn es ist dir besser, daß man zu dir sage: Tritt hier herauf! als daß du vor dem Fürsten erniedrigt wirst, daß es deine Augen sehen müssen.
Sprüche_Spr_20_25_8_Fahre nicht bald heraus, zu zanken; denn was willst du hernach machen, wenn dich dein Nächster beschämt hat?
Sprüche_Spr_20_25_9_Führe deine Sache mit deinem Nächsten, und offenbare nicht eines andern Heimlichkeit,
Sprüche_Spr_20_25_10_auf daß nicht übel von dir spreche, der es hört, und dein böses Gerücht nimmer ablasse.
Sprüche_Spr_20_25_11_Ein Wort geredet zu seiner Zeit, ist wie goldene Äpfel auf silbernen Schalen.
Sprüche_Spr_20_25_12_Wer einem Weisen gehorcht, der ihn straft, das ist wie ein goldenes Stirnband und goldenes Halsband.
Sprüche_Spr_20_25_13_Wie die Kühle des Schnees zur Zeit der Ernte, so ist ein treuer Bote dem, der ihn gesandt hat, und labt seines Herrn Seele.
Sprüche_Spr_20_25_14_Wer viel verspricht und hält nicht, der ist wie Wolken und Wind ohne Regen.
Sprüche_Spr_20_25_15_Durch Geduld wird ein Fürst versöhnt, und eine linde Zunge bricht die Härtigkeit.
Sprüche_Spr_20_25_16_Findest du Honig, so iß davon, so viel dir genug ist, daß du nicht zu satt wirst und speiest ihn aus.
Sprüche_Spr_20_25_17_Entzieh deinen Fuß vom Hause deines Nächsten; er möchte dein überdrüssig und dir gram werden.
Sprüche_Spr_20_25_18_Wer wider seinen Nächsten falsch Zeugnis redet, der ist ein Spieß, Schwert und scharfer Pfeil.
Sprüche_Spr_20_25_19_Die Hoffnung auf einen Treulosen zur Zeit der Not ist wie ein fauler Zahn und gleitender Fuß.
Sprüche_Spr_20_25_20_Wer einem betrübten Herzen Lieder singt, das ist, wie wenn einer das Kleid ablegt am kalten Tage, und wie Essig auf der Kreide.
Sprüche_Spr_20_25_21_Hungert deinen Feind, so speise ihn mit Brot; dürstet ihn, so tränke ihn mit Wasser.
Sprüche_Spr_20_25_22_Denn du wirst feurige Kohlen auf sein Haupt häufen, und der HERR wird dir's vergelten.
Sprüche_Spr_20_25_23_Der Nordwind bringt Ungewitter, und die heimliche Zunge macht saures Angesicht.
Sprüche_Spr_20_25_24_Es ist besser, im Winkel auf dem Dach sitzen denn bei einem zänkischen Weibe in einem Haus beisammen.
Sprüche_Spr_20_25_25_Eine gute Botschaft aus fernen Landen ist wie kalt Wasser einer durstigen Seele.
Sprüche_Spr_20_25_26_Ein Gerechter, der vor einem Gottlosen fällt, ist wie ein getrübter Brunnen und eine verderbte Quelle.
Sprüche_Spr_20_25_27_Wer zuviel Honig ißt, das ist nicht gut; und wer schwere Dinge erforscht, dem wird's zu schwer.
Sprüche_Spr_20_25_28_Ein Mann, der seinen Geist nicht halten kann, ist wie eine offene Stadt ohne Mauern.
Sprüche_Spr_20_26_1_Wie der Schnee im Sommer und Regen in der Ernte, also reimt sich dem Narren die Ehre nicht.
Sprüche_Spr_20_26_2_Wie ein Vogel dahinfährt und eine Schwalbe fliegt, also ein unverdienter Fluch trifft nicht.
Sprüche_Spr_20_26_3_Dem Roß eine Geißel und dem Esel einen Zaum und dem Narren eine Rute auf den Rücken!
Sprüche_Spr_20_26_4_Antworte dem Narren nicht nach seiner Narrheit, daß du ihm nicht auch gleich werdest.
Sprüche_Spr_20_26_5_Antworte aber dem Narren nach seiner Narrheit, daß er sich nicht weise lasse dünken.
Sprüche_Spr_20_26_6_Wer eine Sache durch einen törichten Boten ausrichtet, der ist wie ein Lahmer an den Füßen und nimmt Schaden.
Sprüche_Spr_20_26_7_Wie einem Krüppel das Tanzen, also steht den Narren an, von Weisheit zu reden.
Sprüche_Spr_20_26_8_Wer einem Narren Ehre antut, das ist, als wenn einer einen edlen Stein auf den Rabenstein würfe.
Sprüche_Spr_20_26_9_Ein Spruch in eines Narren Mund ist wie ein Dornzweig, der in eines Trunkenen Hand sticht.
Sprüche_Spr_20_26_10_Ein guter Meister macht ein Ding recht; aber wer einen Stümper dingt, dem wird's verderbt.
Sprüche_Spr_20_26_11_Wie ein Hund sein Gespeites wieder frißt, also ist der Narr, der seine Narrheit wieder treibt.
Sprüche_Spr_20_26_12_Wenn du einen siehst, der sich weise dünkt, da ist an einem Narren mehr Hoffnung denn an ihm.
Sprüche_Spr_20_26_13_Der Faule spricht: Es ist ein junger Löwe auf dem Wege und ein Löwe auf den Gassen.
Sprüche_Spr_20_26_14_Ein Fauler wendet sich im Bette wie die Tür in der Angel.
Sprüche_Spr_20_26_15_Der Faule verbirgt seine Hand in dem Topf, und wird ihm sauer, daß er sie zum Munde bringe.
Sprüche_Spr_20_26_16_Ein Fauler dünkt sich weiser denn sieben, die da Sitten lehren.
Sprüche_Spr_20_26_17_Wer vorgeht und sich mengt in fremden Hader, der ist wie einer, der den Hund bei den Ohren zwackt.
Sprüche_Spr_20_26_18_Wie ein Unsinniger mit Geschoß und Pfeilen schießt und tötet,
Sprüche_Spr_20_26_19_also tut ein falscher Mensch mit seinem Nächsten und spricht danach: Ich habe gescherzt.
Sprüche_Spr_20_26_20_Wenn nimmer Holz da ist, so verlischt das Feuer; und wenn der Verleumder weg ist, so hört der Hader auf.
Sprüche_Spr_20_26_21_Wie die Kohlen eine Glut und Holz ein Feuer, also facht ein zänkischer Mann Hader an.
Sprüche_Spr_20_26_22_Die Worte des Verleumders sind wie Schläge, und sie gehen durchs Herz.
Sprüche_Spr_20_26_23_Brünstige Lippen und ein böses Herz ist wie eine Scherbe, mit Silberschaum überzogen.
Sprüche_Spr_20_26_24_Der Feind verstellt sich mit seiner Rede, und im Herzen ist er falsch.
Sprüche_Spr_20_26_25_Wenn er seine Stimme holdselig macht, so glaube ihm nicht; denn es sind sieben Greuel in seinem Herzen.
Sprüche_Spr_20_26_26_Wer den Haß heimlich hält, Schaden zu tun, des Bosheit wird vor der Gemeinde offenbar werden.
Sprüche_Spr_20_26_27_Wer eine Grube macht, der wird hineinfallen; und wer einen Stein wälzt, auf den wird er zurückkommen.
Sprüche_Spr_20_26_28_Eine falsche Zunge haßt den, der sie straft; und ein Heuchelmaul richtet Verderben an.
Sprüche_Spr_20_27_1_Rühme dich nicht des morgenden Tages; denn du weißt nicht, was heute sich begeben mag.
Sprüche_Spr_20_27_2_Laß dich einen andern loben, und nicht deinen Mund, einen Fremden, und nicht deine eigenen Lippen.
Sprüche_Spr_20_27_3_Stein ist schwer und Sand ist Last; aber des Narren Zorn ist schwerer denn die beiden.
Sprüche_Spr_20_27_4_Zorn ist ein wütig Ding, und Grimm ist ungestüm; aber wer kann vor dem Neid bestehen?
Sprüche_Spr_20_27_5_Offene Strafe ist besser denn heimliche Liebe.
Sprüche_Spr_20_27_6_Die Schläge des Liebhabers meinen's recht gut; aber die Küsse des Hassers sind gar zu reichlich.
Sprüche_Spr_20_27_7_Eine satte Seele zertritt wohl Honigseim; aber einer hungrigen Seele ist alles Bittere süß.
Sprüche_Spr_20_27_8_Wie ein Vogel, der aus seinem Nest weicht, also ist, wer von seiner Stätte weicht.
Sprüche_Spr_20_27_9_Das Herz erfreut sich an Salbe und Räuchwerk; aber ein Freund ist lieblich um Rats willen der Seele.
Sprüche_Spr_20_27_10_Deinen Freund und deines Vaters Freund verlaß nicht, und gehe nicht ins Haus deines Bruders, wenn dir's übel geht; denn dein Nachbar in der Nähe ist besser als dein Bruder in der Ferne.
Sprüche_Spr_20_27_11_Sei weise, mein Sohn, so freut sich mein Herz, so will ich antworten dem, der mich schmäht.
Sprüche_Spr_20_27_12_Ein Kluger sieht das Unglück und verbirgt sich; aber die Unverständigen gehen hindurch und leiden Schaden.
Sprüche_Spr_20_27_13_Nimm dem sein Kleid, der für einen andern Bürge wird, und pfände ihn um der Fremden willen.
Sprüche_Spr_20_27_14_Wenn einer seinen Nächsten des Morgens früh mit lauter Stimme segnet, das wird ihm für einen Fluch gerechnet.
Sprüche_Spr_20_27_15_Ein zänkisches Weib und stetiges Triefen, wenn's sehr regnet, werden wohl miteinander verglichen.
Sprüche_Spr_20_27_16_Wer sie aufhält, der hält den Wind und will das Öl mit der Hand fassen.
Sprüche_Spr_20_27_17_Ein Messer wetzt das andere und ein Mann den andern.
Sprüche_Spr_20_27_18_Wer seinen Feigenbaum bewahrt, der ißt Früchte davon; und wer seinen Herrn bewahrt, wird geehrt.
Sprüche_Spr_20_27_19_Wie das Spiegelbild im Wasser ist gegenüber dem Angesicht, also ist eines Menschen Herz gegenüber dem andern.
Sprüche_Spr_20_27_20_Hölle und Abgrund werden nimmer voll, und der Menschen Augen sind auch unersättlich.
Sprüche_Spr_20_27_21_Ein Mann wird durch den Mund des, der ihn lobt, bewährt wie Silber im Tiegel und das Gold im Ofen.
Sprüche_Spr_20_27_22_Wenn du den Narren im Mörser zerstießest mit dem Stämpel wie Grütze, so ließe doch seine Narrheit nicht von ihm.
Sprüche_Spr_20_27_23_Auf deine Schafe habe acht und nimm dich deiner Herden an.
Sprüche_Spr_20_27_24_Denn Gut währt nicht ewiglich, und die Krone währt nicht für und für.
Sprüche_Spr_20_27_25_Das Heu ist weggeführt, und wiederum ist Gras da und wird Kraut auf den Bergen gesammelt.
Sprüche_Spr_20_27_26_Die Lämmer kleiden dich und die Böcke geben dir das Geld, einen Acker zu kaufen.
Sprüche_Spr_20_27_27_Du hast Ziegenmilch genug zu deiner Speise, zur Speise deines Hauses und zur Nahrung deiner Dirnen.
Sprüche_Spr_20_28_1_Der Gottlose flieht, und niemand jagt ihn; der Gerechte aber ist getrost wie ein junger Löwe.
Sprüche_Spr_20_28_2_Um des Landes Sünde willen werden viel Änderungen der Fürstentümer; aber um der Leute willen, die verständig und vernünftig sind, bleiben sie lange.
Sprüche_Spr_20_28_3_Ein armer Mann, der die Geringen bedrückt, ist wie ein Meltau, der die Frucht verdirbt.
Sprüche_Spr_20_28_4_Die das Gesetz verlassen, loben den Gottlosen; die es aber bewahren, sind unwillig auf sie.
Sprüche_Spr_20_28_5_Böse Leute merken nicht aufs Recht; die aber nach dem HERRN fragen, merken auf alles.
Sprüche_Spr_20_28_6_Es ist besser ein Armer, der in seiner Frömmigkeit geht, denn ein Reicher, der in verkehrten Wegen geht.
Sprüche_Spr_20_28_7_Wer das Gesetz bewahrt, ist ein verständiges Kind; wer aber der Schlemmer Geselle ist, schändet seinen Vater.
Sprüche_Spr_20_28_8_Wer sein Gut mehrt mit Wucher und Zins, der sammelt es für den, der sich der Armen erbarmt.
Sprüche_Spr_20_28_9_Wer sein Ohr abwendet, das Gesetz zu hören, des Gebet ist ein Greuel.
Sprüche_Spr_20_28_10_Wer die Frommen verführt auf bösem Wege, der wird in seine Grube fallen; aber die Frommen werden Gutes ererben.
Sprüche_Spr_20_28_11_Ein Reicher dünkt sich, weise zu sein; aber ein verständiger Armer durchschaut ihn.
Sprüche_Spr_20_28_12_Wenn die Gerechten Oberhand haben, so geht's sehr fein zu; wenn aber Gottlose aufkommen, wendet sich's unter den Leuten.
Sprüche_Spr_20_28_13_Wer seine Missetat leugnet, dem wird's nicht gelingen; wer sie aber bekennt und läßt, der wird Barmherzigkeit erlangen.
Sprüche_Spr_20_28_14_Wohl dem, der sich allewege fürchtet; wer aber sein Herz verhärtet, wird in Unglück fallen.
Sprüche_Spr_20_28_15_Ein Gottloser, der über ein armes Volk regiert, das ist ein brüllender Löwe und gieriger Bär.
Sprüche_Spr_20_28_16_Wenn ein Fürst ohne Verstand ist, so geschieht viel Unrecht; wer aber den Geiz haßt, der wird lange leben.
Sprüche_Spr_20_28_17_Ein Mensch, der am Blut einer Seele schuldig ist, der wird flüchtig sein bis zur Grube, und niemand halte ihn auf.
Sprüche_Spr_20_28_18_Wer fromm einhergeht, dem wird geholfen; wer aber verkehrtes Weges ist, wird auf einmal fallen.
Sprüche_Spr_20_28_19_Wer seinen Acker baut, wird Brot genug haben; wer aber dem Müßiggang nachgeht, wird Armut genug haben.
Sprüche_Spr_20_28_20_Ein treuer Mann wird viel gesegnet; wer aber eilt, reich zu werden, wird nicht unschuldig bleiben.
Sprüche_Spr_20_28_21_Person ansehen ist nicht gut; und mancher tut übel auch wohl um ein Stück Brot.
Sprüche_Spr_20_28_22_Wer eilt zum Reichtum und ist neidisch, der weiß nicht, daß Mangel ihm begegnen wird.
Sprüche_Spr_20_28_23_Wer einen Menschen straft, wird hernach Gunst finden, mehr denn der da heuchelt.
Sprüche_Spr_20_28_24_Wer seinem Vater oder seiner Mutter etwas nimmt und spricht, es sei nicht Sünde, der ist des Verderbers Geselle.
Sprüche_Spr_20_28_25_Ein Stolzer erweckt Zank; wer aber auf den HERRN sich verläßt, wird gelabt.
Sprüche_Spr_20_28_26_Wer sich auf sein Herz verläßt, ist ein Narr; wer aber mit Weisheit geht, wird entrinnen.
Sprüche_Spr_20_28_27_Wer dem Armen gibt, dem wird nichts mangeln; wer aber seine Augen abwendet, der wird viel verflucht.
Sprüche_Spr_20_28_28_Wenn die Gottlosen aufkommen, so verbergen sich die Leute; wenn sie aber umkommen, werden der Gerechten viel.
Sprüche_Spr_20_29_1_Wer wider die Strafe halsstarrig ist, der wird plötzlich verderben ohne alle Hilfe.
Sprüche_Spr_20_29_2_Wenn der Gerechten viel sind, freut sich das Volk; wenn aber der Gottlose herrscht, seufzt das Volk.
Sprüche_Spr_20_29_3_Wer Weisheit liebt, erfreut seinen Vater; wer aber mit Huren umgeht, kommt um sein Gut.
Sprüche_Spr_20_29_4_Ein König richtet das Land auf durchs Recht; ein geiziger aber verderbt es.
Sprüche_Spr_20_29_5_Wer mit seinem Nächsten heuchelt, der breitet ein Netz aus für seine Tritte.
Sprüche_Spr_20_29_6_Wenn ein Böser sündigt, verstrickt er sich selbst; aber ein Gerechter freut sich und hat Wonne.
Sprüche_Spr_20_29_7_Der Gerechte erkennt die Sache der Armen; der Gottlose achtet keine Vernunft.
Sprüche_Spr_20_29_8_Die Spötter bringen frech eine Stadt in Aufruhr; aber die Weisen stillen den Zorn.
Sprüche_Spr_20_29_9_Wenn ein Weiser mit einem Narren zu rechten kommt, er zürne oder lache, so hat er nicht Ruhe.
Sprüche_Spr_20_29_10_Die Blutgierigen hassen den Frommen; aber die Gerechten suchen sein Heil.
Sprüche_Spr_20_29_11_Ein Narr schüttet seinen Geist ganz aus; aber ein Weiser hält an sich.
Sprüche_Spr_20_29_12_Ein Herr, der zu Lügen Lust hat, des Diener sind alle gottlos.
Sprüche_Spr_20_29_13_Arme und Reiche begegnen einander: beider Augen erleuchtet der HERR.
Sprüche_Spr_20_29_14_Ein König, der die Armen treulich richtet, des Thron wird ewig bestehen.
Sprüche_Spr_20_29_15_Rute und Strafe gibt Weisheit; aber ein Knabe, sich selbst überlassen, macht seiner Mutter Schande.
Sprüche_Spr_20_29_16_Wo viele Gottlose sind, da sind viel Sünden; aber die Gerechten werden ihren Fall erleben.
Sprüche_Spr_20_29_17_Züchtige deinen Sohn, so wird er dich ergötzen und wird deiner Seele sanft tun.
Sprüche_Spr_20_29_18_Wo keine Weissagung ist, wird das Volk wild und wüst; wohl aber dem, der das Gesetz handhabt!
Sprüche_Spr_20_29_19_Ein Knecht läßt sich mit Worten nicht züchtigen; denn ob er sie gleich versteht, nimmt er sich's doch nicht an.
Sprüche_Spr_20_29_20_Siehst du einen, der schnell ist zu reden, da ist am Narren mehr Hoffnung denn an ihm.
Sprüche_Spr_20_29_21_Wenn ein Knecht von Jugend auf zärtlich gehalten wird, so will er darnach ein Junker sein.
Sprüche_Spr_20_29_22_Ein zorniger Mann richtet Hader an, und ein Grimmiger tut viel Sünde.
Sprüche_Spr_20_29_23_Die Hoffart des Menschen wird ihn stürzen; aber der Demütige wird Ehre empfangen.
Sprüche_Spr_20_29_24_Wer mit Dieben teilhat, den Fluch aussprechen hört, und sagt's nicht an, der haßt sein Leben.
Sprüche_Spr_20_29_25_Vor Menschen sich scheuen bringt zu Fall; wer sich aber auf den HERRN verläßt, wird beschützt.
Sprüche_Spr_20_29_26_Viele suchen das Angesicht eines Fürsten; aber eines jeglichen Gericht kommt vom HERRN.
Sprüche_Spr_20_29_27_Ein ungerechter Mann ist dem Gerechten ein Greuel; und wer rechtes Weges ist, der ist des Gottlosen Greuel.
Sprüche_Spr_20_30_1_Dies sind die Worte Agurs, des Sohnes Jakes. Lehre und Rede des Mannes: Ich habe mich gemüht, o Gott; ich habe mich gemüht, o Gott, und ablassen müssen.
Sprüche_Spr_20_30_2_Denn ich bin der allernärrischste, und Menschenverstand ist nicht bei mir;
Sprüche_Spr_20_30_3_ich habe Weisheit nicht gelernt, daß ich den Heiligen erkennete.
Sprüche_Spr_20_30_4_Wer fährt hinauf gen Himmel und herab? Wer faßt den Wind in seine Hände? Wer bindet die Wasser in ein Kleid? Wer hat alle Enden der Welt gestellt? Wie heißt er? Und wie heißt sein Sohn? Weißt du das?
Sprüche_Spr_20_30_5_Alle Worte Gottes sind durchläutert; er ist ein Schild denen, die auf ihn trauen.
Sprüche_Spr_20_30_6_Tue nichts zu seinen Worten, daß er dich nicht strafe und werdest lügenhaft erfunden.
Sprüche_Spr_20_30_7_Zweierlei bitte ich von dir; das wollest du mir nicht weigern, ehe ich denn sterbe:
Sprüche_Spr_20_30_8_Abgötterei und Lüge laß ferne von mir sein; Armut und Reichtum gib mir nicht, laß mich aber mein bescheiden Teil Speise dahinnehmen.
Sprüche_Spr_20_30_9_Ich möchte sonst, wo ich zu satt würde, verleugnen und sagen: Wer ist der HERR? Oder wo ich zu arm würde, möchte ich stehlen und mich an dem Namen meines Gottes vergreifen.
Sprüche_Spr_20_30_10_Verleumde den Knecht nicht bei seinem Herrn, daß er dir nicht fluche und du die Schuld tragen müssest.
Sprüche_Spr_20_30_11_Es ist eine Art, die ihrem Vater flucht und ihre Mutter nicht segnet;
Sprüche_Spr_20_30_12_eine Art, die sich rein dünkt, und ist doch von ihrem Kot nicht gewaschen;
Sprüche_Spr_20_30_13_eine Art, die ihre Augen hoch trägt und ihre Augenlider emporhält;
Sprüche_Spr_20_30_14_eine Art, die Schwerter für Zähne hat und Messer für Backenzähne und verzehrt die Elenden im Lande und die Armen unter den Leuten.
Sprüche_Spr_20_30_15_Blutegel hat zwei Töchter: Bring her, bring her! Drei Dinge sind nicht zu sättigen, und das vierte spricht nicht: Es ist genug:
Sprüche_Spr_20_30_16_die Hölle, der Frauen verschlossenen Mutter, die Erde wird nicht des Wassers satt, und das Feuer spricht nicht: Es ist genug.
Sprüche_Spr_20_30_17_Ein Auge, das den Vater verspottet, und verachtet der Mutter zu gehorchen, das müssen die Raben am Bach aushacken und die jungen Adler fressen.
Sprüche_Spr_20_30_18_Drei sind mir zu wunderbar, und das vierte verstehe ich nicht:
Sprüche_Spr_20_30_19_des Adlers Weg am Himmel, der Schlange Weg auf einem Felsen, des Schiffes Weg mitten im Meer und eines Mannes Weg an einer Jungfrau.
Sprüche_Spr_20_30_20_Also ist auch der Weg der Ehebrecherin; die verschlingt und wischt ihr Maul und spricht: Ich habe kein Böses getan.
Sprüche_Spr_20_30_21_Ein Land wird durch dreierlei unruhig, und das vierte kann es nicht ertragen:
Sprüche_Spr_20_30_22_ein Knecht, wenn er König wird; ein Narr, wenn er zu satt ist;
Sprüche_Spr_20_30_23_eine Verschmähte, wenn sie geehelicht wird; und eine Magd, wenn sie ihrer Frau Erbin wird.
Sprüche_Spr_20_30_24_Vier sind klein auf Erden und klüger denn die Weisen:
Sprüche_Spr_20_30_25_die Ameisen, ein schwaches Volk; dennoch schaffen sie im Sommer ihre Speise,
Sprüche_Spr_20_30_26_Kaninchen, ein schwaches Volk; dennoch legt es sein Haus in den Felsen,
Sprüche_Spr_20_30_27_Heuschrecken, haben keinen König; dennoch ziehen sie aus ganz in Haufen,
Sprüche_Spr_20_30_28_die Spinne, wirkt mit ihren Händen und ist in der Könige Schlössern.
Sprüche_Spr_20_30_29_Dreierlei haben einen feinen Gang, und das vierte geht wohl:
Sprüche_Spr_20_30_30_der Löwe, mächtig unter den Tieren und kehrt nicht um vor jemand;
Sprüche_Spr_20_30_31_ein Windhund von guten Lenden, und ein Widder, und ein König, wider den sich niemand legen darf.
Sprüche_Spr_20_30_32_Bist du ein Narr gewesen und zu hoch gefahren und hast Böses vorgehabt, so lege die Hand aufs Maul.
Sprüche_Spr_20_30_33_Wenn man Milch stößt, so macht man Butter daraus; und wer die Nase hart schneuzt, zwingt Blut heraus; und wer den Zorn reizt, zwingt Hader heraus.
Sprüche_Spr_20_31_1_Dies sind die Worte des Königs Lamuel, die Lehre, die ihn seine Mutter lehrte.
Sprüche_Spr_20_31_2_Ach mein Auserwählter, ach du Sohn meines Leibes, ach mein gewünschter Sohn,
Sprüche_Spr_20_31_3_laß nicht den Weibern deine Kraft und gehe die Wege nicht, darin sich die Könige verderben!
Sprüche_Spr_20_31_4_O, nicht den Königen, Lamuel, nicht den Königen ziemt es, Wein zu trinken, noch den Fürsten starkes Getränk!
Sprüche_Spr_20_31_5_Sie möchten trinken und der Rechte vergessen und verändern die Sache aller elenden Leute.
Sprüche_Spr_20_31_6_Gebt starkes Getränk denen, die am Umkommen sind, und den Wein den betrübten Seelen,
Sprüche_Spr_20_31_7_daß sie trinken und ihres Elends vergessen und ihres Unglücks nicht mehr gedenken.
Sprüche_Spr_20_31_8_Tue deinen Mund auf für die Stummen und für die Sache aller, die verlassen sind.
Sprüche_Spr_20_31_9_Tue deinen Mund auf und richte recht und räche den Elenden und Armen.
Sprüche_Spr_20_31_10_Wem ein tugendsam Weib beschert ist, die ist viel edler denn die köstlichsten Perlen.
Sprüche_Spr_20_31_11_Ihres Mannes Herz darf sich auf sie verlassen, und Nahrung wird ihm nicht mangeln.
Sprüche_Spr_20_31_12_Sie tut ihm Liebes und kein Leides ihr Leben lang.
Sprüche_Spr_20_31_13_Sie geht mit Wolle und Flachs um und arbeitet gern mit ihren Händen.
Sprüche_Spr_20_31_14_Sie ist wie ein Kaufmannsschiff, das seine Nahrung von ferne bringt.
Sprüche_Spr_20_31_15_Sie steht vor Tages auf und gibt Speise ihrem Hause und Essen ihren Dirnen.
Sprüche_Spr_20_31_16_Sie denkt nach einem Acker und kauft ihn und pflanzt einen Weinberg von den Früchten ihrer Hände.
Sprüche_Spr_20_31_17_Sie gürtet ihre Lenden mit Kraft und stärkt ihre Arme.
Sprüche_Spr_20_31_18_Sie merkt, wie ihr Handel Frommen bringt; ihre Leuchte verlischt des Nachts nicht.
Sprüche_Spr_20_31_19_Sie streckt ihre Hand nach dem Rocken, und ihre Finger fassen die Spindel.
Sprüche_Spr_20_31_20_Sie breitet ihre Hände aus zu dem Armen und reicht ihre Hand dem Dürftigen.
Sprüche_Spr_20_31_21_Sie fürchtet für ihr Haus nicht den Schnee; denn ihr ganzes Haus hat zwiefache Kleider.
Sprüche_Spr_20_31_22_Sie macht sich selbst Decken; feine Leinwand und Purpur ist ihr Kleid.
Sprüche_Spr_20_31_23_Ihr Mann ist bekannt in den Toren, wenn er sitzt bei den Ältesten des Landes.
Sprüche_Spr_20_31_24_Sie macht einen Rock und verkauft ihn; einen Gürtel gibt sie dem Krämer.
Sprüche_Spr_20_31_25_Kraft und Schöne sind ihr Gewand, und sie lacht des kommenden Tages.
Sprüche_Spr_20_31_26_Sie tut ihren Mund auf mit Weisheit, und auf ihrer Zunge ist holdselige Lehre.
Sprüche_Spr_20_31_27_Sie schaut, wie es in ihrem Hause zugeht, und ißt ihr Brot nicht mit Faulheit.
Sprüche_Spr_20_31_28_Ihre Söhne stehen auf und preisen sie selig; ihr Mann lobt sie:
Sprüche_Spr_20_31_29_\"Viele Töchter halten sich tugendsam; du aber übertriffst sie alle.\"
Sprüche_Spr_20_31_30_Lieblich und schön sein ist nichts; ein Weib, das den HERRN fürchtet, soll man loben.
Sprüche_Spr_20_31_31_Sie wird gerühmt werden von den Früchten ihrer Hände, und ihre Werke werden sie loben in den Toren.
