Markus_Mk_41_1_1_Dies ist der Anfang des Evangeliums von Jesus Christus, dem Sohn Gottes,
Markus_Mk_41_1_2_wie geschrieben steht in den Propheten: \"Siehe, ich sende meinen Engel vor dir her, der da bereite deinen Weg vor dir.\"
Markus_Mk_41_1_3_\"Es ist eine Stimme eines Predigers in der Wüste: Bereitet den Weg des HERRN, macht seine Steige richtig!\"
Markus_Mk_41_1_4_Johannes, der war in der Wüste, taufte und predigte von der Taufe der Buße zur Vergebung der Sünden.
Markus_Mk_41_1_5_Und es ging zu ihm hinaus das ganze jüdische Land und die von Jerusalem und ließen sich alle von ihm taufen im Jordan und bekannten ihre Sünden.
Markus_Mk_41_1_6_Johannes aber war bekleidet mit Kamelhaaren und mit einem ledernen Gürtel um seine Lenden, und aß Heuschrecken und wilden Honig;
Markus_Mk_41_1_7_und er predigte und sprach: Es kommt einer nach mir, der ist stärker denn ich, dem ich nicht genugsam bin, daß ich mich vor ihm bücke und die Riemen seiner Schuhe auflöse.
Markus_Mk_41_1_8_Ich taufe euch mit Wasser; aber er wird euch mit dem Heiligen Geist taufen.
Markus_Mk_41_1_9_Und es begab sich zu der Zeit, daß Jesus aus Galiläa von Nazareth kam und ließ sich taufen von Johannes im Jordan.
Markus_Mk_41_1_10_Und alsbald stieg er aus dem Wasser und sah, daß sich der Himmel auftat, und den Geist gleich wie eine Taube herabkommen auf ihn.
Markus_Mk_41_1_11_Und da geschah eine Stimme vom Himmel: Du bist mein lieber Sohn, an dem ich Wohlgefallen habe.
Markus_Mk_41_1_12_Und alsbald trieb ihn der Geist in die Wüste,
Markus_Mk_41_1_13_und er war allda in der Wüste 40.Tage und ward versucht von dem Satan und war bei den Tieren, und die Engel dienten ihm.
Markus_Mk_41_1_14_Nachdem aber Johannes überantwortet war, kam Jesus nach Galiläa und predigte das Evangelium vom Reich Gottes
Markus_Mk_41_1_15_und sprach: Die Zeit ist erfüllet, und das Reich Gottes ist herbeigekommen. Tut Buße und glaubt an das Evangelium!
Markus_Mk_41_1_16_Da er aber am Galiläischen Meer ging, sah er Simon und Andreas, seinen Bruder, daß sie ihre Netze ins Meer warfen; denn sie waren Fischer.
Markus_Mk_41_1_17_Und Jesus sprach zu ihnen: Folget mir nach; ich will euch zu Menschenfischern machen!
Markus_Mk_41_1_18_Alsobald verließen sie ihre Netze und folgten ihm nach.
Markus_Mk_41_1_19_Und da er von da ein wenig weiterging, sah er Jakobus, den Sohn des Zebedäus, und Johannes, seinen Bruder, daß sie die Netze im Schiff flickten; und alsbald rief er sie.
Markus_Mk_41_1_20_Und sie ließen ihren Vater Zebedäus im Schiff mit den Tagelöhnern und folgten ihm nach.
Markus_Mk_41_1_21_Und sie gingen gen Kapernaum; und alsbald am Sabbat ging er in die Schule und lehrte.
Markus_Mk_41_1_22_Und sie entsetzten sich über seine Lehre; denn er lehrte gewaltig und nicht wie die Schriftgelehrten.
Markus_Mk_41_1_23_Und es war in ihrer Schule ein Mensch, besessen von einem unsauberen Geist, der schrie
Markus_Mk_41_1_24_und sprach: Halt, was haben wir mit dir zu schaffen, Jesus von Nazareth? Du bist gekommen, uns zu verderben. Ich weiß wer du bist: der Heilige Gottes.
Markus_Mk_41_1_25_Und Jesus bedrohte ihn und sprach: Verstumme und fahre aus von ihm!
Markus_Mk_41_1_26_Und der unsaubere Geist riß ihn und schrie laut und fuhr aus von ihm.
Markus_Mk_41_1_27_Und sie entsetzten sich alle, also daß sie untereinander sich befragten und sprachen: Was ist das? Was ist das für eine neue Lehre? Er gebietet mit Gewalt den unsauberen Geistern, und sie gehorchen ihm.
Markus_Mk_41_1_28_Und sein Gerücht erscholl alsbald umher in das galiläische Land.
Markus_Mk_41_1_29_Und sie gingen alsbald aus der Schule und kamen in das Haus des Simon und Andreas mit Jakobus und Johannes.
Markus_Mk_41_1_30_Und die Schwiegermutter Simons lag und hatte das Fieber; und alsbald sagten sie ihm von ihr.
Markus_Mk_41_1_31_Und er trat zu ihr und richtete sie auf und hielt sie bei der Hand; und das Fieber verließ sie, und sie diente ihnen.
Markus_Mk_41_1_32_Am Abend aber, da die Sonne untergegangen war, brachten sie zu ihm allerlei Kranke und Besessene.
Markus_Mk_41_1_33_Und die ganze Stadt versammelte sich vor der Tür.
Markus_Mk_41_1_34_Und er half vielen Kranken, die mit mancherlei Seuchen beladen waren, und trieb viele Teufel aus und ließ die Teufel nicht reden, denn sie kannten ihn.
Markus_Mk_41_1_35_Und des Morgens vor Tage stand er auf und ging hinaus. Und Jesus ging in eine wüste Stätte und betete daselbst.
Markus_Mk_41_1_36_Und Petrus mit denen, die bei ihm waren, eilten ihm nach.
Markus_Mk_41_1_37_Und da sie ihn fanden, sprachen sie zu ihm: Jedermann sucht dich.
Markus_Mk_41_1_38_Und er sprach zu ihnen: Laßt uns in die nächsten Städte gehen, daß ich daselbst auch predige; denn dazu bin ich gekommen.
Markus_Mk_41_1_39_Und er predigte in ihren Schulen in ganz Galiläa und trieb die Teufel aus.
Markus_Mk_41_1_40_Und es kam zu ihm ein Aussätziger, der bat ihn, kniete vor ihm und sprach: Willst du, so kannst du mich wohl reinigen.
Markus_Mk_41_1_41_Und es jammerte Jesum, und er reckte die Hand aus, rührte ihn an und sprach: Ich will's tun; sei gereinigt!
Markus_Mk_41_1_42_Und als er so sprach, ging der Aussatz alsbald von ihm, und er ward rein.
Markus_Mk_41_1_43_Und Jesus bedrohte ihn und trieb ihn alsbald von sich
Markus_Mk_41_1_44_und sprach zu ihm: Siehe zu, daß du niemand davon sagest; sondern gehe hin und zeige dich dem Priester und opfere für deine Reinigung, was Mose geboten hat, zum Zeugnis über sie.
Markus_Mk_41_1_45_Er aber, da er hinauskam, hob er an und sagte viel davon und machte die Geschichte ruchbar, also daß er hinfort nicht mehr konnte öffentlich in die Stadt gehen; sondern er war draußen in den wüsten Örtern, und sie kamen zu ihm von allen Enden.
Markus_Mk_41_2_1_Und über etliche Tage ging er wiederum gen Kapernaum; und es ward ruchbar, daß er im Hause war.
Markus_Mk_41_2_2_Und alsbald versammelten sich viele, also daß sie nicht Raum hatten auch draußen vor der Tür; und er sagte ihnen das Wort.
Markus_Mk_41_2_3_Und es kamen etliche zu ihm, die brachten einen Gichtbrüchigen, von vieren getragen.
Markus_Mk_41_2_4_Und da sie nicht konnten zu ihm kommen vor dem Volk, deckten sie das Dach auf, da er war, und gruben's auf und ließen das Bett hernieder, darin der Gichtbrüchige lag.
Markus_Mk_41_2_5_Da aber Jesus ihren Glauben sah, sprach er zu dem Gichtbrüchigen: Mein Sohn, deine Sünden sind dir vergeben.
Markus_Mk_41_2_6_Es waren aber etliche Schriftgelehrte, die saßen allda und gedachten in ihrem Herzen:
Markus_Mk_41_2_7_Wie redet dieser solche Gotteslästerung? Wer kann Sünden vergeben denn allein Gott?
Markus_Mk_41_2_8_Und Jesus erkannte alsbald in seinem Geist, daß sie also gedachten bei sich selbst, und sprach zu Ihnen: Was denkt ihr solches in eurem Herzen?
Markus_Mk_41_2_9_Welches ist leichter: zu dem Gichtbrüchigen zu sagen: Dir sind deine Sünden vergeben, oder: Stehe auf, nimm dein Bett und wandle?
Markus_Mk_41_2_10_Auf das ihr aber wisset, daß des Menschen Sohn Macht hat, zu vergeben die Sünden auf Erden, (sprach er zu dem Gichtbrüchigen):
Markus_Mk_41_2_11_Ich sage dir, stehe auf, nimm dein Bett und gehe heim!
Markus_Mk_41_2_12_Und alsbald stand er auf, nahm sein Bett und ging hinaus vor allen, also daß sie sich entsetzten und priesen Gott und sprachen: Wir haben solches noch nie gesehen.
Markus_Mk_41_2_13_Und er ging wiederum hinaus an das Meer; und alles Volk kam zu ihm, und er lehrte sie.
Markus_Mk_41_2_14_Und da Jesus vorüberging, sah er Levi, den Sohn des Alphäus, am Zoll sitzen und sprach zu ihm: Folge mir nach! Und er stand auf und folgte ihm nach.
Markus_Mk_41_2_15_Und es begab sich, da er zu Tische saß in seinem Hause, setzten sich viele Zöllner und Sünder zu Tische mit Jesu und seinen Jüngern; denn ihrer waren viele, die ihm nachfolgten.
Markus_Mk_41_2_16_Und die Schriftgelehrten und Pharisäer, da sie sahen, daß er mit den Zöllnern und Sündern aß, sprachen sie zu seinen Jüngern: Warum ißt und trinkt er mit den Zöllnern und Sündern?
Markus_Mk_41_2_17_Da das Jesus hörte, sprach er zu ihnen: Die Starken bedürfen keines Arztes, sondern die Kranken. Ich bin gekommen, zu rufen die Sünder zur Buße, und nicht die Gerechten.
Markus_Mk_41_2_18_Und die Jünger des Johannes und der Pharisäer fasteten viel; und es kamen etliche, die sprachen zu ihm: Warum fasten die Jünger des Johannes und der Pharisäer, und deine Jünger fasten nicht?
Markus_Mk_41_2_19_Und Jesus sprach zu ihnen: Wie können die Hochzeitsleute fasten, dieweil der Bräutigam bei ihnen ist? Solange der Bräutigam bei ihnen ist, können sie nicht fasten.
Markus_Mk_41_2_20_Es wird aber die Zeit kommen, daß der Bräutigam von ihnen genommen wird; dann werden sie fasten.
Markus_Mk_41_2_21_Niemand flickt einen Lappen von neuem Tuch an ein altes Kleid; denn der neue Lappen reißt doch vom alten, und der Riß wird ärger.
Markus_Mk_41_2_22_Und niemand faßt Most in alte Schläuche; sonst zerreißt der Most die Schläuche, und der Wein wird verschüttet, und die Schläuche kommen um. Sondern man soll Most in neue Schläuche fassen.
Markus_Mk_41_2_23_Und es begab sich, daß er wandelte am Sabbat durch die Saat; und seine Jünger fingen an, indem sie gingen, Ähren auszuraufen.
Markus_Mk_41_2_24_Und die Pharisäer sprachen zu ihm: Siehe zu, was tun deine Jünger am Sabbat, das nicht recht ist?
Markus_Mk_41_2_25_Und er sprach zu ihnen: Habt ihr nie gelesen was David tat, da es ihm not war und ihn hungerte samt denen, die bei ihm waren?
Markus_Mk_41_2_26_Wie er ging in das Haus Gottes zur Zeit Abjathars, des Hohenpriesters, und aß die Schaubrote, die niemand durfte essen, denn die Priester, und er gab sie auch denen, die bei ihm waren?
Markus_Mk_41_2_27_Und er sprach zu ihnen: Der Sabbat ist um des Menschen willen gemacht, und nicht der Mensch um des Sabbat willen.
Markus_Mk_41_2_28_So ist des Menschen Sohn ein HERR auch des Sabbats.
Markus_Mk_41_3_1_Und er ging abermals in die Schule. Und es war da ein Mensch, der hatte eine verdorrte Hand.
Markus_Mk_41_3_2_Und sie lauerten darauf, ob er auch am Sabbat ihn heilen würde, auf daß sie eine Sache wider ihn hätten.
Markus_Mk_41_3_3_Und er sprach zu dem Menschen mit der verdorrten Hand: Tritt hervor!
Markus_Mk_41_3_4_Und er sprach zu ihnen: Soll man am Sabbat Gutes tun oder Böses tun, das Leben erhalten oder töten? Sie aber schwiegen still.
Markus_Mk_41_3_5_Und er sah sie umher an mit Zorn und ward betrübt über ihr verstocktes Herz und sprach zu dem Menschen: Strecke deine Hand aus! Und er streckte sie aus; und die Hand ward ihm gesund wie die andere.
Markus_Mk_41_3_6_Und die Pharisäer gingen hinaus und hielten alsbald einen Rat mit des Herodes Dienern über ihn, wie sie ihn umbrächten.
Markus_Mk_41_3_7_Aber Jesus entwich mit seinen Jüngern an das Meer; und viel Volks folgte ihm nach aus Galiläa und aus Judäa
Markus_Mk_41_3_8_und von Jerusalem und aus Idumäa und von jenseits des Jordans, und die um Tyrus und Sidon wohnen, eine große Menge, die seine Taten hörten, und kamen zu ihm.
Markus_Mk_41_3_9_Und er sprach zu seinen Jüngern, daß sie ihm ein Schifflein bereit hielten um des Volkes willen, daß sie ihn nicht drängten.
Markus_Mk_41_3_10_Denn er heilte ihrer viele, also daß ihn überfielen alle, die geplagt waren, auf daß sie ihn anrührten.
Markus_Mk_41_3_11_Und wenn ihn die unsauberen Geister sahen, fielen sie vor ihm nieder, schrieen und sprachen: Du bist Gottes Sohn!
Markus_Mk_41_3_12_Und er bedrohte sie hart, daß sie ihn nicht offenbar machten.
Markus_Mk_41_3_13_Und er ging auf einen Berg und rief zu sich, welche er wollte, und die gingen hin zu ihm.
Markus_Mk_41_3_14_Und er ordnete die Zwölf, daß sie bei ihm sein sollten und daß er sie aussendete, zu predigen,
Markus_Mk_41_3_15_und daß sie Macht hätten, die Seuchen zu heilen und die Teufel auszutreiben.
Markus_Mk_41_3_16_Und gab Simon den Namen Petrus;
Markus_Mk_41_3_17_und Jakobus, den Sohn des Zebedäus, und Johannes, den Bruder des Jakobus, und gab ihnen den Namen Bnehargem, das ist gesagt: Donnerskinder;
Markus_Mk_41_3_18_und Andreas und Philippus und Bartholomäus und Matthäus und Thomas und Jakobus, des Alphäus Sohn, und Thaddäus und Simon von Kana
Markus_Mk_41_3_19_und Judas Ischariot, der ihn verriet.
Markus_Mk_41_3_20_Und sie kamen nach Hause, und da kam abermals das Volk zusammen, also daß sie nicht Raum hatten, zu essen.
Markus_Mk_41_3_21_Und da es die Seinen hörten, gingen sie aus und wollten ihn halten; denn sie sprachen: Er ist von Sinnen.
Markus_Mk_41_3_22_Die Schriftgelehrten aber, die von Jerusalem herabgekommen waren, sprachen: Er hat den Beelzebub, und durch den obersten Teufel treibt er die Teufel aus.
Markus_Mk_41_3_23_Und er rief sie zusammen und sprach zu ihnen in Gleichnissen: Wie kann ein Satan den anderen austreiben?
Markus_Mk_41_3_24_Wenn ein Reich mit sich selbst uneins wird, kann es nicht bestehen.
Markus_Mk_41_3_25_Und wenn ein Haus mit sich selbst uneins wird, kann es nicht bestehen.
Markus_Mk_41_3_26_Setzt sich nun der Satan wider sich selbst und ist mit sich selbst uneins, so kann er nicht bestehen, sondern es ist aus mit ihm.
Markus_Mk_41_3_27_Es kann niemand einem Starken in sein Haus fallen und seinen Hausrat rauben, es sei denn, daß er zuvor den Starken binde und alsdann sein Haus beraube.
Markus_Mk_41_3_28_Wahrlich, ich sage euch: Alle Sünden werden vergeben den Menschenkindern, auch die Gotteslästerungen, womit sie Gott lästern;
Markus_Mk_41_3_29_wer aber den Heiligen Geist lästert, der hat keine Vergebung ewiglich, sondern ist schuldig des ewigen Gerichts.
Markus_Mk_41_3_30_Denn sie sagten: Er hat einen unsauberen Geist.
Markus_Mk_41_3_31_Und es kam seine Mutter und seine Brüder und standen draußen, schickten zu ihm und ließen ihn rufen.
Markus_Mk_41_3_32_Und das Volk saß um ihn. Und sie sprachen zu ihm: Siehe, deine Mutter und deine Brüder draußen fragen nach dir.
Markus_Mk_41_3_33_Und er antwortete ihnen und sprach: Wer ist meine Mutter und meine Brüder?
Markus_Mk_41_3_34_Und er sah rings um sich auf die Jünger, die im Kreise saßen, und sprach: Siehe, das ist meine Mutter und meine Brüder!
Markus_Mk_41_3_35_Denn wer Gottes Willen tut, der ist mein Bruder und meine Schwester und meine Mutter.
Markus_Mk_41_4_1_Und er fing abermals an, zu lehren am Meer. Und es versammelte sich viel Volks zu ihm, also daß er mußte in ein Schiff treten und auf dem Wasser sitzen; und alles Volk stand auf dem Lande am Meer.
Markus_Mk_41_4_2_Und er predigte ihnen lange durch Gleichnisse; und in seiner Predigt sprach er zu ihnen:
Markus_Mk_41_4_3_Höret zu! Siehe, es ging ein Sämann aus, zu säen.
Markus_Mk_41_4_4_Und es begab sich, indem er säte, fiel etliches an den Weg; da kamen die Vögel unter dem Himmel und fraßen's auf.
Markus_Mk_41_4_5_Etliches fiel in das Steinige, wo es nicht viel Erde hatte; und ging bald auf, darum daß es nicht tiefe Erde hatte.
Markus_Mk_41_4_6_Da nun die Sonne aufging, verwelkte es, und dieweil es nicht Wurzel hatte verdorrte es.
Markus_Mk_41_4_7_Und etliches fiel unter die Dornen; und die Dornen wuchsen empor und erstickten's, und es brachte keine Frucht.
Markus_Mk_41_4_8_Und etliches fiel auf ein gutes Land und brachte Frucht, die da zunahm und wuchs; etliches trug dreißigfältig und etliches sechzigfältig und etliches hundertfältig.
Markus_Mk_41_4_9_Und er sprach zu ihnen: Wer Ohren hat, zu hören, der höre!
Markus_Mk_41_4_10_Und da er allein war, fragten ihn um dies Gleichnis, die um ihn waren, mitsamt den Zwölfen.
Markus_Mk_41_4_11_Und er sprach zu ihnen: Euch ist's gegeben, das Geheimnis des Reiches Gottes zu wissen; denen aber draußen widerfährt es alles nur durch Gleichnisse,
Markus_Mk_41_4_12_auf daß sie es mit sehenden Augen sehen, und doch nicht erkennen, und mit hörenden Ohren hören, und doch nicht verstehen, auf daß sie sich nicht dermaleinst bekehren und ihre Sünden ihnen vergeben werden.
Markus_Mk_41_4_13_Und er sprach zu ihnen: Verstehet ihr dies Gleichnis nicht, wie wollt ihr denn die andern alle verstehen?
Markus_Mk_41_4_14_Der Sämann sät das Wort.
Markus_Mk_41_4_15_Diese sind's aber, die an dem Wege sind: Wo das Wort gesät wird und sie es gehört haben, so kommt alsbald der Satan und nimmt weg das Wort, das in ihr Herz gesät war.
Markus_Mk_41_4_16_Also auch die sind's, bei welchen aufs Steinige gesät ist: wenn sie das Wort gehört haben, nehmen sie es alsbald mit Freuden auf,
Markus_Mk_41_4_17_und haben keine Wurzel in sich, sondern sind wetterwendisch; wenn sich Trübsal oder Verfolgung um des Wortes willen erhebt, so ärgern sie sich alsbald.
Markus_Mk_41_4_18_Und diese sind's, bei welchen unter die Dornen gesät ist: die das Wort hören,
Markus_Mk_41_4_19_und die Sorgen dieser Welt und der betrügerische Reichtum und viele andere Lüste gehen hinein und ersticken das Wort, und es bleibt ohne Frucht.
Markus_Mk_41_4_20_Und diese sind's, bei welchen auf ein gutes Land gesät ist: die das Wort hören und nehmen's an und bringen Frucht, etliche dreißigfältig und etliche sechzigfältig und etliche hundertfältig.
Markus_Mk_41_4_21_Und er sprach zu ihnen: Zündet man auch ein Licht an, daß man es unter einen Scheffel oder unter einen Tisch setze? Mitnichten, sondern daß man's auf einen Leuchter setze.
Markus_Mk_41_4_22_Denn es ist nichts verborgen, das es nicht offenbar werde, und ist nichts Heimliches, das nicht hervorkomme.
Markus_Mk_41_4_23_Wer Ohren hat, zu hören, der höre!
Markus_Mk_41_4_24_Und er sprach zu ihnen: Sehet zu, was ihr höret! Mit welcherlei Maß ihr messet, wird man euch wieder messen, und man wird noch zugeben euch, die ihr dies hört.
Markus_Mk_41_4_25_Denn wer da hat, dem wird gegeben; und wer nicht hat, von dem wird man nehmen, auch was er hat.
Markus_Mk_41_4_26_Und er sprach: Das Reich Gottes hat sich also, als wenn ein Mensch Samen aufs Land wirft
Markus_Mk_41_4_27_und schläft und steht auf Nacht und Tag; und der Same geht auf und wächst, daß er's nicht weiß.
Markus_Mk_41_4_28_Denn die Erde bringt von selbst zum ersten das Gras, darnach die Ähren, darnach den vollen Weizen in den Ähren.
Markus_Mk_41_4_29_Wenn sie aber die Frucht gebracht hat, so schickt er bald die Sichel hin; denn die Ernte ist da.
Markus_Mk_41_4_30_Und er sprach: Wem wollen wir das Reich Gottes vergleichen, und durch welch Gleichnis wollen wir es vorbilden?
Markus_Mk_41_4_31_Gleichwie ein Senfkorn, wenn das gesät wird aufs Land, so ist's das kleinste unter allen Samen auf Erden;
Markus_Mk_41_4_32_und wenn es gesät ist, so nimmt es zu und wird größer denn alle Kohlkräuter und gewinnt große Zweige, also daß die Vögel unter dem Himmel unter seinem Schatten wohnen können.
Markus_Mk_41_4_33_Und durch viele solche Gleichnisse sagte er ihnen das Wort, nach dem sie es hören konnten.
Markus_Mk_41_4_34_Und ohne Gleichnis redete er nichts zu ihnen; aber insonderheit legte er's seinen Jüngern alles aus.
Markus_Mk_41_4_35_Und an demselben Tage des Abends sprach er zu ihnen: Laßt uns hinüberfahren.
Markus_Mk_41_4_36_Und sie ließen das Volk gehen und nahmen ihn, wie er im Schiff war; und es waren mehr Schiffe bei ihm.
Markus_Mk_41_4_37_Und es erhob sich ein großer Windwirbel und warf Wellen in das Schiff, also daß das Schiff voll ward.
Markus_Mk_41_4_38_Und er war hinten auf dem Schiff und schlief auf einem Kissen. Und sie weckten ihn auf und sprachen zu ihm: Meister, fragst du nichts darnach, daß wir verderben?
Markus_Mk_41_4_39_Und er stand auf und bedrohte den Wind und sprach zu dem Meer: Schweig und verstumme! Und der Wind legte sich, und es ward eine große Stille.
Markus_Mk_41_4_40_Und er sprach zu ihnen: Wie seid ihr so furchtsam? Wie, daß ihr keinen Glauben habt?
Markus_Mk_41_4_41_Und sie fürchteten sich sehr und sprachen untereinander: Wer ist der? denn Wind und Meer sind ihm gehorsam.
Markus_Mk_41_5_1_Und sie kamen jenseits des Meers in die Gegend der Gadarener.
Markus_Mk_41_5_2_Und als er aus dem Schiff trat, lief ihm alsbald entgegen aus den Gräbern ein besessener Mensch mit einem unsaubern Geist,
Markus_Mk_41_5_3_der seine Wohnung in den Gräbern hatte; und niemand konnte ihn binden, auch nicht mit Ketten.
Markus_Mk_41_5_4_Denn er war oft mit Fesseln und Ketten gebunden gewesen, und hatte die Ketten abgerissen und die Fesseln zerrieben; und niemand konnte ihn zähmen.
Markus_Mk_41_5_5_Und er war allezeit, Tag und Nacht, auf den Bergen und in den Gräbern, schrie und schlug sich mit Steinen.
Markus_Mk_41_5_6_Da er aber Jesum sah von ferne, lief er zu und fiel vor ihm nieder, schrie laut und sprach:
Markus_Mk_41_5_7_Was habe ich mit dir zu tun, o Jesu, du Sohn Gottes, des Allerhöchsten? Ich beschwöre dich bei Gott, daß du mich nicht quälest!
Markus_Mk_41_5_8_Denn er sprach zu ihm: Fahre aus, du unsauberer Geist, von dem Menschen!
Markus_Mk_41_5_9_Und er fragte ihn: Wie heißt du? Und er antwortete und sprach: Legion heiße ich; denn wir sind unser viele.
Markus_Mk_41_5_10_Und er bat ihn sehr, daß er sie nicht aus der Gegend triebe.
Markus_Mk_41_5_11_Und es war daselbst an den Bergen eine große Herde Säue auf der Weide.
Markus_Mk_41_5_12_Und die Teufel baten ihn alle und sprachen: Laß uns in die Säue fahren!
Markus_Mk_41_5_13_Und alsbald erlaubte es ihnen Jesus. Da fuhren die unsauberen Geister aus und fuhren in die Säue; und die Herde stürzte sich von dem Abhang ins Meer (ihrer waren aber bei zweitausend) und ersoffen im Meer.
Markus_Mk_41_5_14_Und die Sauhirten flohen und verkündigten das in der Stadt und auf dem Lande. Und sie gingen hinaus, zu sehen, was da geschehen war,
Markus_Mk_41_5_15_und kamen zu Jesu und sahen den, der von den Teufeln besessen war, daß er saß und war bekleidet und vernünftig, und fürchteten sich.
Markus_Mk_41_5_16_Und die es gesehen hatten, sagten ihnen, was dem Besessenen widerfahren war, und von den Säuen.
Markus_Mk_41_5_17_Und sie fingen an und baten ihn, daß er aus ihrer Gegend zöge.
Markus_Mk_41_5_18_Und da er in das Schiff trat, bat ihn der Besessene, daß er möchte bei ihm sein.
Markus_Mk_41_5_19_Aber Jesus ließ es nicht zu, sondern sprach zu ihm: Gehe hin in dein Haus und zu den Deinen und verkündige ihnen, wie große Wohltat dir der HERR getan und sich deiner erbarmt hat.
Markus_Mk_41_5_20_Und er ging hin und fing an, auszurufen in den zehn Städten, wie große Wohltat ihm Jesus getan hatte; und jedermann verwunderte sich.
Markus_Mk_41_5_21_Und da Jesus wieder herüberfuhr im Schiff, versammelte sich viel Volks zu ihm, und er war an dem Meer.
Markus_Mk_41_5_22_Und siehe, da kam der Obersten einer von der Schule, mit Namen Jairus; und da er ihn sah, fiel er ihm zu Füßen
Markus_Mk_41_5_23_und bat ihn sehr und sprach: Meine Tochter ist in den letzten Zügen; Du wollest kommen und deine Hand auf sie legen, daß sie gesund werde und lebe.
Markus_Mk_41_5_24_Und er ging hin mit ihm; und es folgte ihm viel Volks nach, und sie drängten ihn.
Markus_Mk_41_5_25_Und da war ein Weib, das hatte den Blutgang zwölf Jahre gehabt
Markus_Mk_41_5_26_und viel erlitten von vielen Ärzten und hatte all ihr Gut darob verzehrt, und half ihr nichts, sondern vielmehr ward es ärger mit ihr.
Markus_Mk_41_5_27_Da die von Jesu hörte, kam sie im Volk von hintenzu und rührte sein Kleid an.
Markus_Mk_41_5_28_Denn sie sprach: Wenn ich nur sein Kleid möchte anrühren, so würde ich gesund.
Markus_Mk_41_5_29_Und alsbald vertrocknete der Brunnen ihres Bluts; und sie fühlte es am Leibe, daß sie von ihrer Plage war gesund geworden.
Markus_Mk_41_5_30_Und Jesus fühlte alsbald an sich selbst die Kraft, die von ihm ausgegangen war, und wandte sich um zum Volk und sprach: Wer hat meine Kleider angerührt?
Markus_Mk_41_5_31_Und die Jünger sprachen zu ihm: Du siehst, daß dich das Volk drängt, und sprichst: Wer hat mich angerührt?
Markus_Mk_41_5_32_Und er sah sich um nach der, die das getan hatte.
Markus_Mk_41_5_33_Das Weib aber fürchtete sich und zitterte (denn sie wußte, was an ihr geschehen war), kam und fiel vor ihm nieder und sagte die ganze Wahrheit.
Markus_Mk_41_5_34_Er sprach aber zu ihr; Meine Tochter, Dein Glaube hat dich gesund gemacht; gehe hin mit Frieden und sei gesund von deiner Plage!
Markus_Mk_41_5_35_Da er noch also redete, kamen etliche vom Gesinde des Obersten der Schule und sprachen: Deine Tochter ist gestorben; was bemühst du weiter den Meister?
Markus_Mk_41_5_36_Jesus aber hörte alsbald die Rede, die da gesagt ward, und sprach zu dem Obersten der Schule: Fürchte dich nicht, glaube nur!
Markus_Mk_41_5_37_Und ließ niemand ihm nachfolgen denn Petrus und Jakobus und Johannes, den Bruder des Jakobus.
Markus_Mk_41_5_38_Und er kam in das Haus des Obersten der Schule und sah das Getümmel und die da weinten und heulten.
Markus_Mk_41_5_39_Und er ging hinein und sprach zu ihnen: Was tummelt und weinet ihr? Das Kind ist nicht gestorben, sondern es schläft. Und sie verlachten ihn.
Markus_Mk_41_5_40_Und er trieb sie alle aus und nahm mit sich den Vater des Kindes und die Mutter die bei ihm waren, und ging hinein, da das Kind lag,
Markus_Mk_41_5_41_und ergriff das Kind bei der Hand und sprach zu ihr: Talitha kumi! das ist verdolmetscht: Mägdlein, ich sage dir stehe auf!
Markus_Mk_41_5_42_Und alsbald stand das Mägdlein auf und wandelte; es war aber zwölf Jahre alt. Und sie entsetzten sich über die Maßen.
Markus_Mk_41_5_43_Und er verbot ihnen hart, daß es niemand wissen sollte, und sagte, sie sollten ihr zu essen geben.
Markus_Mk_41_6_1_Und er ging aus von da und kam in seine Vaterstadt; und seine Jünger folgten ihm nach.
Markus_Mk_41_6_2_Und da der Sabbat kam, hob er an zu lehren in ihrer Schule. Und viele, die es hörten, verwunderten sich seiner Lehre und sprachen: Woher kommt dem solches? Und was für Weisheit ist's, die ihm gegeben ist, und solche Taten, die durch seine Hände geschehen?
Markus_Mk_41_6_3_Ist er nicht der Zimmermann, Marias Sohn, und der Bruder des Jakobus und Joses und Judas und Simon? Sind nicht auch seine Schwestern allhier bei uns? Und sie ärgerten sich an ihm.
Markus_Mk_41_6_4_Jesus aber sprach zu ihnen: Ein Prophet gilt nirgend weniger denn im Vaterland und daheim bei den Seinen.
Markus_Mk_41_6_5_Und er konnte allda nicht eine einzige Tat tun; außer wenig Siechen legte er die Hände auf und heilte sie.
Markus_Mk_41_6_6_Und er verwunderte sich ihres Unglaubens. Und er ging umher in die Flecken im Kreis und lehrte sie.
Markus_Mk_41_6_7_Und er berief die Zwölf und hob an und sandte sie je zwei und zwei und gab ihnen Macht über die unsauberen Geister,
Markus_Mk_41_6_8_und gebot ihnen, daß sie nichts bei sich trügen auf dem Wege denn allein einen Stab, keine Tasche, kein Brot, kein Geld im Gürtel,
Markus_Mk_41_6_9_aber wären geschuht, und daß sie nicht zwei Röcke anzögen.
Markus_Mk_41_6_10_Und sprach zu ihnen: Wo ihr in ein Haus gehen werdet, da bleibet bis ihr von dannen zieht.
Markus_Mk_41_6_11_Und welche euch nicht aufnehmen noch hören, da gehet von dannen heraus und schüttelt den Staub ab von euren Füßen zu einem Zeugnis über sie. Ich sage euch wahrlich: Es wird Sodom und Gomorrha am Jüngsten Gericht erträglicher gehen denn solcher Stadt.
Markus_Mk_41_6_12_Und sie gingen aus und predigten, man sollte Buße tun,
Markus_Mk_41_6_13_und trieben viele Teufel aus und salbten viele Sieche mit Öl und machten sie gesund.
Markus_Mk_41_6_14_Und es kam vor den König Herodes (denn sein Name war nun bekannt) und er sprach: Johannes der Täufer ist von den Toten auferstanden, darum tut er solche Taten.
Markus_Mk_41_6_15_Etliche aber sprachen: Er ist Elia; etliche aber: Er ist ein Prophet oder einer von den Propheten.
Markus_Mk_41_6_16_Da es aber Herodes hörte, sprach er: Es ist Johannes, den ich enthauptet habe; der ist von den Toten auferstanden.
Markus_Mk_41_6_17_Er aber, Herodes, hatte ausgesandt und Johannes gegriffen und ins Gefängnis gelegt um der Herodias willen, seines Bruders Philippus Weib; denn er hatte sie gefreit.
Markus_Mk_41_6_18_Johannes aber sprach zu Herodes: Es ist nicht recht, daß du deines Bruders Weib habest.
Markus_Mk_41_6_19_Herodias aber stellte ihm nach und wollte ihn töten, und konnte nicht.
Markus_Mk_41_6_20_Herodes aber fürchtete Johannes; denn er wußte, daß er ein frommer und heiliger Mann war; und verwahrte ihn und gehorchte ihm in vielen Sachen und hörte ihn gern.
Markus_Mk_41_6_21_Und es kam ein gelegener Tag, daß Herodes auf seinen Jahrestag ein Abendmahl gab den Obersten und Hauptleuten und Vornehmsten in Galiläa.
Markus_Mk_41_6_22_Da trat hinein die Tochter der Herodias und tanzte, und gefiel wohl dem Herodes und denen die am Tisch saßen. Da sprach der König zu dem Mägdlein: Bitte von mir, was du willst, ich will dir's geben.
Markus_Mk_41_6_23_Und er schwur ihr einen Eid: Was du wirst von mir bitten, will ich dir geben, bis an die Hälfte meines Königreiches.
Markus_Mk_41_6_24_Sie ging hinaus und sprach zu ihrer Mutter: Was soll ich bitten? Die sprach: Das Haupt Johannes des Täufers.
Markus_Mk_41_6_25_Und sie ging alsbald hinein mit Eile zum König, bat und sprach: Ich will, daß du mir gebest jetzt zur Stunde auf einer Schüssel das Haupt Johannes des Täufers.
Markus_Mk_41_6_26_Der König war betrübt; doch um des Eides willen und derer, die am Tisch saßen, wollte er sie nicht lassen eine Fehlbitte tun.
Markus_Mk_41_6_27_Und alsbald schickte hin der König den Henker und hieß sein Haupt herbringen. Der ging hin und enthauptete ihn im Gefängnis
Markus_Mk_41_6_28_und trug her sein Haupt auf einer Schüssel und gab's dem Mägdlein, und das Mägdlein gab's ihrer Mutter.
Markus_Mk_41_6_29_Und da das seine Jünger hörten, kamen sie und nahmen seinen Leib, und legten ihn in ein Grab.
Markus_Mk_41_6_30_Und die Apostel kamen zu Jesu zusammen und verkündigten ihm das alles und was sie getan und gelehrt hatten.
Markus_Mk_41_6_31_Und er sprach zu ihnen: Lasset uns besonders an eine wüste Stätte gehen und ruht ein wenig. Denn ihr waren viele, die ab und zu gingen; und sie hatten nicht Zeit genug, zu essen.
Markus_Mk_41_6_32_Und er fuhr da in einem Schiff zu einer wüsten Stätte besonders.
Markus_Mk_41_6_33_Und das Volk sah sie wegfahren; und viele kannten ihn und liefen dahin miteinander zu Fuß aus allen Städten und kamen ihnen zuvor und kamen zu ihm.
Markus_Mk_41_6_34_Und Jesus ging heraus und sah das große Volk; und es jammerte ihn derselben; denn sie waren wie die Schafe, die keinen Hirten haben; und er fing an eine lange Predigt.
Markus_Mk_41_6_35_Da nun der Tag fast dahin war, traten seine Jünger zu ihm und sprachen: Es ist wüst hier, und der Tag ist nun dahin;
Markus_Mk_41_6_36_laß sie von dir, daß sie hingehen umher in die Dörfer und Märkte und kaufen sich Brot, denn sie haben nichts zu essen.
Markus_Mk_41_6_37_Jesus aber antwortete und sprach zu ihnen: Gebt ihr ihnen zu essen. Und sie sprachen zu ihm: Sollen wir denn hingehen und für zweihundert Groschen Brot kaufen und ihnen zu essen geben?
Markus_Mk_41_6_38_Er aber sprach zu ihnen: Wieviel Brot habt ihr? Gehet hin und sehet! Und da sie es erkundet hatten, sprachen sie: Fünf, und zwei Fische.
Markus_Mk_41_6_39_Und er gebot ihnen, daß sie sich alle lagerten, tischweise, auf das grüne Gras.
Markus_Mk_41_6_40_Und sie setzten sich nach Schichten, je hundert und hundert, fünfzig und fünfzig.
Markus_Mk_41_6_41_Und er nahm die fünf Brote und zwei Fische, sah zum Himmel auf und dankte und brach die Brote und gab sie den Jüngern, daß sie ihnen vorlegten; und die zwei Fische teilte er unter sie alle.
Markus_Mk_41_6_42_Und sie aßen alle und wurden satt.
Markus_Mk_41_6_43_Und sie hoben auf die Brocken, zwölf Körbe voll, und von den Fischen.
Markus_Mk_41_6_44_Und die da gegessen hatten, waren fünftausend Mann.
Markus_Mk_41_6_45_Und alsbald trieb er seine Jünger, daß sie in das Schiff träten und vor ihm hinüberführen gen Bethsaida, bis daß er das Volk von sich ließe.
Markus_Mk_41_6_46_Und da er sie von sich geschafft hatte, ging er hin auf einen Berg, zu beten.
Markus_Mk_41_6_47_Und am Abend war das Schiff mitten auf dem Meer und er auf dem Lande allein.
Markus_Mk_41_6_48_Und er sah, daß sie Not litten im Rudern; denn der Wind war ihnen entgegen. Und um die vierte Wache der Nacht kam er zu ihnen und wandelte auf dem Meer;
Markus_Mk_41_6_49_und er wollte an ihnen vorübergehen. Und da sie ihn sahen auf dem Meer wandeln, meinten sie, es wäre ein Gespenst, und schrieen;
Markus_Mk_41_6_50_denn sie sahen ihn alle und erschraken. Aber alsbald redete er mit ihnen und sprach zu ihnen: Seid getrost, ich bin's, fürchtet euch nicht!
Markus_Mk_41_6_51_Und er trat zu ihnen ins Schiff, und der Wind legte sich. Und sie entsetzten und verwunderten sich über die Maßen,
Markus_Mk_41_6_52_denn sie waren nichts verständiger geworden über den Broten, und ihr Herz war erstarrt.
Markus_Mk_41_6_53_Und da sie hinübergefahren waren, kamen sie in das Land Genezareth und fuhren an.
Markus_Mk_41_6_54_Und da sie aus dem Schiff traten alsbald kannten sie ihn
Markus_Mk_41_6_55_und liefen in alle die umliegenden Länder und hoben an, die Kranken umherzuführen auf Betten, wo sie hörten, daß er war.
Markus_Mk_41_6_56_Und wo er in die Märkte oder Städte oder Dörfer einging, da legten sie die Kranken auf den Markt und baten ihn, daß sie nur den Saum seines Kleides anrühren möchten; und alle, die ihn anrührten, wurden gesund.
Markus_Mk_41_7_1_Und es kamen zu ihm die Pharisäer und etliche von den Schriftgelehrten, die von Jerusalem gekommen waren.
Markus_Mk_41_7_2_Und da sie sahen etliche seiner Jünger mit gemeinen (das ist ungewaschenen) Händen das Brot essen, tadelten sie es.
Markus_Mk_41_7_3_(Denn die Pharisäer und alle Juden essen nicht, sie waschen denn die Hände manchmal, und halten also die Aufsätze der Ältesten;
Markus_Mk_41_7_4_und wenn sie vom Markt kommen, essen sie nicht, sie waschen sich denn. Und des Dinges ist viel, das sie zu halten haben angenommen, von Trinkgefäßen und Krügen und ehernen Gefäßen und Tischen zu waschen.)
Markus_Mk_41_7_5_Da fragten ihn nun die Pharisäer und Schriftgelehrten: Warum wandeln deine Jünger nicht nach den Aufsätzen der Ältesten, sondern essen das Brot mit ungewaschenen Händen?
Markus_Mk_41_7_6_Er aber antwortete und sprach zu ihnen: Wohl fein hat von euch Heuchlern Jesaja geweissagt, wie geschrieben steht: \"Dies Volk ehrt mich mit den Lippen, aber ihr Herz ist ferne von mir.
Markus_Mk_41_7_7_Vergeblich aber ist's, daß sie mir dienen, dieweil sie lehren solche Lehre die nichts ist denn Menschengebot.
Markus_Mk_41_7_8_Ihr verlasset Gottes Gebot, und haltet der Menschen Aufsätze von Krügen und Trinkgefäßen zu waschen; und desgleichen tut ihr viel.
Markus_Mk_41_7_9_Und er sprach zu ihnen: Wohl fein habt ihr Gottes Gebote aufgehoben, auf daß ihr eure Aufsätze haltet.
Markus_Mk_41_7_10_Denn Mose hat gesagt: \"Du sollst deinen Vater und deine Mutter ehren,\" und \"Wer Vater oder Mutter flucht, soll des Todes sterben.\"
Markus_Mk_41_7_11_Ihr aber lehret: Wenn einer spricht zu Vater oder Mutter \"Korban,\" das ist, \"es ist Gott gegeben,\" was dir sollte von mir zu Nutz kommen, der tut wohl.
Markus_Mk_41_7_12_Und so laßt ihr hinfort ihn nichts tun seinem Vater oder seiner Mutter
Markus_Mk_41_7_13_und hebt auf Gottes Wort durch eure Aufsätze, die ihr aufgesetzt habt; und desgleichen tut ihr viel.
Markus_Mk_41_7_14_Und er rief zu sich das ganze Volk und sprach zu ihnen: Höret mir alle zu und fasset es!
Markus_Mk_41_7_15_Es ist nichts außerhalb des Menschen, das ihn könnte gemein machen, so es in ihn geht; sondern was von ihm ausgeht, das ist's, was den Menschen gemein macht.
Markus_Mk_41_7_16_Hat jemand Ohren, zu hören, der höre!
Markus_Mk_41_7_17_Und da er von dem Volk ins Haus kam, fragten ihn seine Jünger um dies Gleichnis.
Markus_Mk_41_7_18_Und er sprach zu ihnen: Seid ihr denn auch so unverständig? Vernehmet ihr noch nicht, daß alles, was außen ist und in den Menschen geht, das kann ihn nicht gemein machen?
Markus_Mk_41_7_19_Denn es geht nicht in sein Herz, sondern in den Bauch, und geht aus durch den natürlichen Gang, der alle Speise ausfegt.
Markus_Mk_41_7_20_Und er sprach: Was aus dem Menschen geht, das macht den Menschen gemein;
Markus_Mk_41_7_21_denn von innen, aus dem Herzen der Menschen, gehen heraus böse Gedanken; Ehebruch, Hurerei, Mord,
Markus_Mk_41_7_22_Dieberei, Geiz, Schalkheit, List, Unzucht, Schalksauge, Gotteslästerung, Hoffart, Unvernunft.
Markus_Mk_41_7_23_Alle diese bösen Stücke gehen von innen heraus und machen den Menschen gemein.
Markus_Mk_41_7_24_Und er stand auf und ging von dannen in die Gegend von Tyrus und Sidon; und ging da in ein Haus und wollte es niemand wissen lassen, und konnte doch nicht verborgen sein.
Markus_Mk_41_7_25_Denn ein Weib hatte von ihm gehört, deren Töchterlein einen unsauberen Geist hatte, und sie kam und fiel nieder zu seinen Füßen
Markus_Mk_41_7_26_(und es war ein griechisches Weib aus Syrophönizien), und sie bat ihn, daß er den Teufel von ihrer Tochter austriebe.
Markus_Mk_41_7_27_Jesus aber sprach zu ihr: Laß zuvor die Kinder satt werden; es ist nicht fein, daß man der Kinder Brot nehme und werfe es vor die Hunde.
Markus_Mk_41_7_28_Sie antwortete aber und sprach zu ihm: Ja, HERR; aber doch essen die Hündlein unter dem Tisch von den Brosamen der Kinder.
Markus_Mk_41_7_29_Und er sprach zu ihr: Um des Wortes willen so gehe hin; der Teufel ist von deiner Tochter ausgefahren.
Markus_Mk_41_7_30_Und sie ging hin in ihr Haus und fand, daß der Teufel war ausgefahren und die Tochter auf dem Bette liegend.
Markus_Mk_41_7_31_Und da er wieder ausging aus der Gegend von Tyrus und Sidon, kam er an das Galiläische Meer, mitten in das Gebiet der zehn Städte.
Markus_Mk_41_7_32_Und sie brachten zu ihm einen Tauben, der stumm war, und sie baten ihn, daß er die Hand auf ihn legte.
Markus_Mk_41_7_33_Und er nahm ihn von dem Volk besonders und legte ihm die Finger in die Ohren und spützte und rührte seine Zunge
Markus_Mk_41_7_34_und sah auf gen Himmel, seufzte und sprach zu ihm: Hephatha! das ist: Tu dich auf!
Markus_Mk_41_7_35_Und alsbald taten sich seine Ohren auf, und das Band seiner Zunge war los, und er redete recht.
Markus_Mk_41_7_36_Und er verbot ihnen, sie sollten's niemand sagen. Je mehr er aber verbot, je mehr sie es ausbreiteten.
Markus_Mk_41_7_37_Und sie wunderten sich über die Maßen und sprachen: Er hat alles wohl gemacht; die Tauben macht er hörend und die Sprachlosen redend.
Markus_Mk_41_8_1_Zu der Zeit, da viel Volks da war, und hatten nichts zu essen, rief Jesus seine Jünger zu sich und sprach zu ihnen:
Markus_Mk_41_8_2_Mich jammert des Volks; denn sie haben nun drei Tage bei mir beharrt und haben nichts zu essen;
Markus_Mk_41_8_3_und wenn ich sie ungegessen von mir heim ließe gehen, würden sie auf dem Wege verschmachten; denn etliche sind von ferne gekommen.
Markus_Mk_41_8_4_Seine Jünger antworteten ihm: Woher nehmen wir Brot hier in der Wüste, daß wir sie sättigen?
Markus_Mk_41_8_5_Und er fragte sie: Wieviel habt ihr Brote? Sie sprachen: Sieben.
Markus_Mk_41_8_6_Und er gebot dem Volk, daß sie sich auf der Erde lagerten. Und er nahm die sieben Brote und dankte und brach sie und gab sie seinen Jüngern, daß sie dieselben vorlegten; und sie legten dem Volk vor.
Markus_Mk_41_8_7_Und hatten ein wenig Fischlein; und er dankte und hieß die auch vortragen.
Markus_Mk_41_8_8_Sie aßen aber und wurden satt; und hoben die übrigen Brocken auf, sieben Körbe.
Markus_Mk_41_8_9_Und ihrer waren bei viertausend, die da gegessen hatten; und er ließ sie von sich.
Markus_Mk_41_8_10_Und alsbald trat er in ein Schiff mit seinen Jüngern und kam in die Gegend von Dalmanutha.
Markus_Mk_41_8_11_Und die Pharisäer gingen heraus und fingen an, sich mit ihm zu befragen, versuchten ihn und begehrten von ihm ein Zeichen vom Himmel.
Markus_Mk_41_8_12_Und er seufzte in seinem Geist und sprach: Was sucht doch dies Geschlecht Zeichen? Wahrlich, ich sage euch: Es wird diesem Geschlecht kein Zeichen gegeben.
Markus_Mk_41_8_13_Und er ließ sie und trat wiederum in das Schiff und fuhr herüber.
Markus_Mk_41_8_14_Und sie hatten vergessen, Brot mit sich zu nehmen, und hatten nicht mehr mit sich im Schiff denn ein Brot.
Markus_Mk_41_8_15_Und er gebot ihnen und sprach: Schauet zu und sehet euch vor vor dem Sauerteig der Pharisäer und vor dem Sauerteig des Herodes.
Markus_Mk_41_8_16_Und sie gedachten hin und her und sprachen untereinander: Das ist's, daß wir nicht Brot haben.
Markus_Mk_41_8_17_Und Jesus merkte das und sprach zu ihnen: Was bekümmert ihr euch doch, daß ihr nicht Brot habt? Vernehmet ihr noch nichts und seid noch nicht verständig? Habt ihr noch ein erstarrtes Herz in euch?
Markus_Mk_41_8_18_Ihr habt Augen, und sehet nicht, und habt Ohren, und höret nicht, und denket nicht daran,
Markus_Mk_41_8_19_da ich fünf Brote brach unter fünftausend: wie viel Körbe voll Brocken hobt ihr da auf? Sie sprachen: Zwölf.
Markus_Mk_41_8_20_Da ich aber sieben brach unter die viertausend, wieviel Körbe voll Brocken hobt ihr da auf? Sie sprachen: Sieben.
Markus_Mk_41_8_21_Und er sprach zu ihnen: Wie vernehmet ihr denn nichts?
Markus_Mk_41_8_22_Und er kam gen Bethsaida. Und sie brachten zu ihm einen Blinden und baten ihn, daß er ihn anrührte.
Markus_Mk_41_8_23_Und er nahm den Blinden bei der Hand und führte ihn hinaus vor den Flecken; spützte in seine Augen und legte seine Hände auf ihn und fragte ihn, ob er etwas sähe?
Markus_Mk_41_8_24_Und er sah auf und sprach: Ich sehe Menschen gehen, als sähe ich Bäume.
Markus_Mk_41_8_25_Darnach legte er abermals die Hände auf seine Augen und hieß ihn abermals sehen; und er ward wieder zurechtgebracht, daß er alles scharf sehen konnte.
Markus_Mk_41_8_26_Und er schickte ihn heim und sprach: Gehe nicht hinein in den Flecken und sage es auch niemand drinnen.
Markus_Mk_41_8_27_Und Jesus ging aus mit seinen Jüngern in die Märkte der Stadt Cäsarea Philippi. Und auf dem Wege fragte er seine Jünger und sprach zu ihnen: Wer sagen die Leute, daß ich sei?
Markus_Mk_41_8_28_Sie antworteten: Sie sagen du seiest Johannes der Täufer; etliche sagen, du seiest Elia; etliche, du seiest der Propheten einer.
Markus_Mk_41_8_29_Und er sprach zu ihnen: Ihr aber, wer sagt ihr, daß ich sei? Da antwortete Petrus und sprach zu ihm: Du bist Christus!
Markus_Mk_41_8_30_Und er bedrohte sie, daß sie niemand von ihm sagen sollten.
Markus_Mk_41_8_31_Und er hob an sie zu lehren: Des Menschen Sohn muß viel leiden und verworfen werden von den Ältesten und Hohenpriestern und Schriftgelehrten und getötet werden und über drei Tage auferstehen.
Markus_Mk_41_8_32_Und er redete das Wort frei offenbar. Und Petrus nahm ihn zu sich, fing an, ihm zu wehren.
Markus_Mk_41_8_33_Er aber wandte sich um und sah seine Jünger an und bedrohte Petrus und sprach: Gehe hinter mich, du Satan! denn du meinst nicht, was göttlich, sondern was menschlich ist.
Markus_Mk_41_8_34_Und er rief zu sich das Volk samt seinen Jüngern und sprach zu ihnen: Wer mir will nachfolgen, der verleugne sich selbst und nehme sein Kreuz auf sich und folge mir nach.
Markus_Mk_41_8_35_Denn wer sein Leben will behalten, der wird's verlieren; und wer sein Leben verliert um meinet-und des Evangeliums willen, der wird's behalten.
Markus_Mk_41_8_36_Was hülfe es dem Menschen, wenn er die ganze Welt gewönne, und nähme an seiner Seele Schaden?
Markus_Mk_41_8_37_Oder was kann der Mensch geben, damit er seine Seele löse.
Markus_Mk_41_8_38_Wer sich aber mein und meiner Worte schämt unter diesem ehebrecherischen und sündigen Geschlecht, des wird sich auch des Menschen Sohn schämen, wenn er kommen wird in der Herrlichkeit seines Vaters mit den heiligen Engeln.
Markus_Mk_41_9_1_Und er sprach zu ihnen: Wahrlich ich sage euch: Es stehen etliche hier, die werden den Tod nicht schmecken, bis daß sie sehen das Reich Gottes mit seiner Kraft kommen.
Markus_Mk_41_9_2_Und nach sechs Tagen nahm Jesus zu sich Petrus, Jakobus und Johannes und führte sie auf einen hohen Berg besonders allein und verklärte sich vor ihnen.
Markus_Mk_41_9_3_Und seine Kleider wurden hell und sehr weiß wie der Schnee, daß sie kein Färber auf Erden kann so weiß machen.
Markus_Mk_41_9_4_Und es erschien ihnen Elia mit Mose und hatten eine Rede mit Jesu.
Markus_Mk_41_9_5_Und Petrus antwortete und sprach zu Jesu: Rabbi, hier ist gut sein. Lasset uns drei Hütten machen: dir eine, Mose eine und Elia eine.
Markus_Mk_41_9_6_Er wußte aber nicht, was er redete; denn sie waren bestürzt.
Markus_Mk_41_9_7_Und es kam eine Wolke, die überschattete sie. Und eine Stimme fiel aus der Wolke und sprach: Das ist mein lieber Sohn; den sollt ihr hören!
Markus_Mk_41_9_8_Und bald darnach sahen sie um sich und sahen niemand mehr denn allein Jesum bei ihnen.
Markus_Mk_41_9_9_Da sie aber vom Berge herabgingen, verbot ihnen Jesus, daß sie niemand sagen sollten, was sie gesehen hatten, bis des Menschen Sohn auferstünde von den Toten.
Markus_Mk_41_9_10_Und sie behielten das Wort bei sich und befragten sich untereinander: Was ist doch das Auferstehen von den Toten?
Markus_Mk_41_9_11_Und sie fragten ihn und sprachen: Sagen doch die Schriftgelehrten, daß Elia muß zuvor kommen.
Markus_Mk_41_9_12_Er antwortete aber und sprach zu ihnen: Elia soll ja zuvor kommen und alles wieder zurechtbringen; dazu soll des Menschen Sohn viel leiden und verachtet werden, wie denn geschrieben steht.
Markus_Mk_41_9_13_Aber ich sage euch: Elia ist gekommen, und sie haben an ihm getan, was sie wollten, nach dem von ihm geschrieben steht.
Markus_Mk_41_9_14_Und er kam zu seinen Jüngern und sah viel Volks um sie und Schriftgelehrte, die sich mit ihnen befragten.
Markus_Mk_41_9_15_Und alsbald, da alles Volk ihn sah, entsetzten sie sich, liefen zu und grüßten ihn.
Markus_Mk_41_9_16_Und er fragte die Schriftgelehrten: Was befragt ihr euch mit ihnen?
Markus_Mk_41_9_17_Einer aber aus dem Volk antwortete und sprach: Meister, ich habe meinen Sohn hergebracht zu dir, der hat einen sprachlosen Geist.
Markus_Mk_41_9_18_Und wo er ihn erwischt, da reißt er ihn; und er schäumt und knirscht mit den Zähnen und verdorrt. Ich habe mit deinen Jüngern geredet, daß sie ihn austrieben, und sie können's nicht.
Markus_Mk_41_9_19_Er antwortete ihm aber und sprach: O du ungläubiges Geschlecht, wie lange soll ich bei euch sein? wie lange soll ich euch tragen? Bringet ihn her zu mir!
Markus_Mk_41_9_20_Und sie brachten ihn her zu ihm. Und alsbald, da ihn der Geist sah, riß er ihn; und er fiel auf die Erde und wälzte sich und schäumte.
Markus_Mk_41_9_21_Und er fragte seinen Vater: Wie lange ist's, daß es ihm widerfahren ist? Er sprach: Von Kind auf.
Markus_Mk_41_9_22_Und oft hat er ihn in Feuer und Wasser geworfen, daß er ihn umbrächte. Kannst du aber was, so erbarme dich unser und hilf uns!
Markus_Mk_41_9_23_Jesus aber sprach zu ihm: Wenn du könntest Glauben! Alle Dinge sind möglich dem, der da glaubt.
Markus_Mk_41_9_24_Und alsbald schrie des Kindes Vater mit Tränen und sprach: Ich glaube, lieber HERR, hilf meinem Unglauben!
Markus_Mk_41_9_25_Da nun Jesus sah, daß das Volk zulief, bedrohte er den unsauberen Geist und sprach zu ihm: Du sprachloser und tauber Geist, ich gebiete dir, daß du von ihm ausfahrest und fahrest hinfort nicht in ihn!
Markus_Mk_41_9_26_Da schrie er und riß ihn sehr und fuhr aus. Und er ward, als wäre er tot, daß auch viele sagten: Er ist tot.
Markus_Mk_41_9_27_Jesus aber ergriff ihn bei der Hand und richtete ihn auf; und er stand auf.
Markus_Mk_41_9_28_Und da er heimkam, fragten ihn seine Jünger besonders: Warum konnten wir ihn nicht austreiben?
Markus_Mk_41_9_29_Und er sprach: Diese Art kann mit nichts ausfahren denn durch Beten und Fasten.
Markus_Mk_41_9_30_Und sie gingen von da hinweg und wandelten durch Galiläa; und er wollte nicht, daß es jemand wissen sollte.
Markus_Mk_41_9_31_Er lehrte aber seine Jünger und sprach zu ihnen: Des Menschen Sohn wird überantwortet werden in der Menschen Hände, und sie werden ihn töten; und wenn er getötet ist, so wird er am dritten Tage auferstehen.
Markus_Mk_41_9_32_Sie aber verstanden das Wort nicht, und fürchteten sich, ihn zu fragen.
Markus_Mk_41_9_33_Und er kam gen Kapernaum. Und da er daheim war, fragten er sie: Was handeltet ihr miteinander auf dem Wege?
Markus_Mk_41_9_34_Sie aber schwiegen; denn sie hatten miteinander auf dem Wege gehandelt, welcher der Größte wäre.
Markus_Mk_41_9_35_Und er setzte sich und rief die Zwölf und sprach zu ihnen: So jemand will der Erste sein, der soll der Letzte sein vor allen und aller Knecht.
Markus_Mk_41_9_36_Und er nahm ein Kindlein und stellte es mitten unter sie und herzte es und sprach zu ihnen:
Markus_Mk_41_9_37_Wer ein solches Kindlein in meinem Namen aufnimmt, der nimmt mich auf; und wer mich aufnimmt, der nimmt nicht mich auf, sondern den, der mich gesandt hat.
Markus_Mk_41_9_38_Johannes aber antwortete ihn und sprach: Meister, wir sahen einen, der trieb Teufel in deinem Namen aus, welcher uns nicht nachfolgt; und wir verboten's ihm, darum daß er uns nicht nachfolgt.
Markus_Mk_41_9_39_Jesus aber sprach: Ihr sollt's ihm nicht verbieten. Denn es ist niemand, der eine Tat tue in meinem Namen, und möge bald übel von mir reden.
Markus_Mk_41_9_40_Wer nicht wider uns ist, der ist für uns.
Markus_Mk_41_9_41_Wer aber euch tränkt mit einem Becher Wassers in meinem Namen, darum daß ihr Christo angehöret, wahrlich, ich sage euch, es wird ihm nicht unvergolten bleiben.
Markus_Mk_41_9_42_Und wer der Kleinen einen ärgert, die an mich glauben, dem wäre es besser, daß ihm ein Mühlstein an seinen Hals gehängt und er ins Meer geworfen würde.
Markus_Mk_41_9_43_So dich aber deine Hand ärgert, so haue sie ab! Es ist dir besser, daß du als ein Krüppel zum Leben eingehest, denn daß du zwei Hände habest und fahrest in die Hölle, in das ewige Feuer,
Markus_Mk_41_9_44_da ihr Wurm nicht stirbt und ihr Feuer nicht verlöscht.
Markus_Mk_41_9_45_Ärgert dich dein Fuß, so haue ihn ab. Es ist dir besser, daß du lahm zum Leben eingehest, denn daß du zwei Füße habest und werdest in die Hölle geworfen, in das ewige Feuer,
Markus_Mk_41_9_46_da ihr Wurm nicht stirbt und ihr Feuer nicht verlöscht.
Markus_Mk_41_9_47_Ärgert dich dein Auge, so wirf's von dir! Es ist dir besser, daß du einäugig in das Reich Gottes gehest, denn daß du zwei Augen habest und werdest in das höllische Feuer geworfen,
Markus_Mk_41_9_48_da ihr Wurm nicht stirbt ihr Feuer nicht verlöscht.
Markus_Mk_41_9_49_Es muß ein jeglicher mit Feuer gesalzen werden, und alles Opfer wird mit Salz gesalzen.
Markus_Mk_41_9_50_Das Salz ist gut; so aber das Salz dumm wird, womit wird man's würzen? Habt Salz bei euch und habt Frieden untereinander.
Markus_Mk_41_10_1_Und er machte sich auf und kam von dannen an die Örter des jüdischen Landes jenseit des Jordans. Und das Volk ging abermals in Haufen zu ihm, und wie seine Gewohnheit war, lehrte er sie abermals.
Markus_Mk_41_10_2_Und die Pharisäer traten zu ihm und fragten ihn, ob ein Mann sich scheiden möge von seinem Weibe; und versuchten ihn damit.
Markus_Mk_41_10_3_Er antwortete aber und sprach: Was hat euch Mose geboten?
Markus_Mk_41_10_4_Sie sprachen; Mose hat zugelassen, einen Scheidebrief zu schreiben und sich zu scheiden.
Markus_Mk_41_10_5_Jesus antwortete und sprach zu ihnen: Um eures Herzens Härtigkeit willen hat er euch solches Gebot geschrieben;
Markus_Mk_41_10_6_aber von Anfang der Kreatur hat sie Gott geschaffen einen Mann und ein Weib.
Markus_Mk_41_10_7_Darum wird der Mensch Vater und Mutter verlassen und wird seinem Weibe anhangen,
Markus_Mk_41_10_8_und werden die zwei ein Fleisch sein. So sind sie nun nicht zwei, sondern ein Fleisch.
Markus_Mk_41_10_9_Was denn Gott zusammengefügt hat, soll der Mensch nicht scheiden.
Markus_Mk_41_10_10_Und daheim fragten ihn abermals seine Jünger darum.
Markus_Mk_41_10_11_Und er sprach zu ihnen: Wer sich scheidet von seinem Weibe und freit eine andere, der bricht die Ehe an ihr;
Markus_Mk_41_10_12_und so sich ein Weib scheidet von ihrem Manne und freit einen anderen, die bricht ihre Ehe.
Markus_Mk_41_10_13_Und sie brachten Kindlein zu ihm, daß er sie anrührte. Die Jünger aber fuhren die an, die sie trugen.
Markus_Mk_41_10_14_Da es aber Jesus sah, ward er unwillig und sprach zu ihnen: Lasset die Kindlein zu mir kommen und wehret ihnen nicht; denn solcher ist das Reich Gottes.
Markus_Mk_41_10_15_Wahrlich ich sage euch: Wer das Reich Gottes nicht empfängt wie ein Kindlein, der wird nicht hineinkommen.
Markus_Mk_41_10_16_Und er herzte sie und legte die Hände auf sie und segnete sie.
Markus_Mk_41_10_17_Und da er hinausgegangen war auf den Weg, lief einer herzu, kniete, vor ihn und fragte ihn: Guter Meister, was soll ich tun, daß ich das ewige Leben ererbe?
Markus_Mk_41_10_18_Aber Jesus sprach zu ihm: Was heißest du mich gut? Niemand ist gut denn der einige Gott.
Markus_Mk_41_10_19_Du weißt ja die Gebote wohl: \"Du sollst nicht ehebrechen; du sollst nicht töten; du sollst nicht stehlen; du sollst nicht falsch Zeugnis reden; du sollst niemand täuschen; ehre Vater und Mutter.\"
Markus_Mk_41_10_20_Er aber antwortete und sprach zu ihm: Meister, das habe ich alles gehalten von meiner Jugend auf.
Markus_Mk_41_10_21_Und Jesus sah ihn an und liebte ihn und sprach zu ihm: Eines fehlt dir. Gehe hin, verkaufe alles, was du hast, und gib's den Armen, so wirst du einen Schatz im Himmel haben, und komm, folge mir nach und nimm das Kreuz auf dich.
Markus_Mk_41_10_22_Er aber ward unmutig über die Rede und ging traurig davon; denn er hatte viele Güter.
Markus_Mk_41_10_23_Und Jesus sah um sich und sprach zu seinen Jüngern: Wie schwer werden die Reichen in das Reich Gottes kommen!
Markus_Mk_41_10_24_Die Jünger aber entsetzten sich über seine Rede. Aber Jesus antwortete wiederum und sprach zu ihnen: Liebe Kinder, wie schwer ist's, daß die, so ihr Vertrauen auf Reichtum setzen, ins Reich Gottes kommen!
Markus_Mk_41_10_25_Es ist leichter, daß ein Kamel durch ein Nadelöhr gehe, denn daß ein Reicher ins Reich Gottes komme.
Markus_Mk_41_10_26_Sie entsetzten sich aber noch viel mehr und sprachen untereinander: Wer kann denn selig werden?
Markus_Mk_41_10_27_Jesus aber sah sie an und sprach: Bei den Menschen ist's unmöglich, aber nicht bei Gott; denn alle Dinge sind möglich bei Gott.
Markus_Mk_41_10_28_Da sagte Petrus zu ihm: Siehe, wir haben alles verlassen und sind dir nachgefolgt.
Markus_Mk_41_10_29_Jesus antwortete und sprach: Wahrlich, ich sage euch: Es ist niemand, so er verläßt Haus oder Brüder oder Schwestern oder Vater oder Mutter oder Weib oder Kind oder Äcker um meinetwillen und um des Evangeliums willen,
Markus_Mk_41_10_30_der nicht hundertfältig empfange: jetzt in dieser Zeit Häuser und Brüder und Schwestern und Mütter und Kinder und Äcker mitten unter Verfolgungen, und in der zukünftigen Welt das ewige Leben.
Markus_Mk_41_10_31_Viele aber werden die Letzten sein, die die Ersten sind, und die Ersten sein, die die Letzten sind.
Markus_Mk_41_10_32_Sie waren aber auf dem Wege und gingen hinauf gen Jerusalem; und Jesus ging vor ihnen, und sie entsetzten sich, folgten ihm nach und fürchteten sich. Und Jesus nahm abermals zu sich die Zwölf und sagte ihnen, was ihm widerfahren würde:
Markus_Mk_41_10_33_Siehe, wir gehen hinauf gen Jerusalem, und des Menschen Sohn wird überantwortet werden den Hohenpriestern und Schriftgelehrten; und sie werden ihn verdammen zum Tode und überantworten den Heiden.
Markus_Mk_41_10_34_Die werden ihn verspotten und geißeln und verspeien und töten; und am dritten Tag wird er auferstehen.
Markus_Mk_41_10_35_Da gingen zu ihm Jakobus und Johannes, die Söhne des Zebedäus, und sprachen: Meister, wir wollen, daß du uns tuest, was wir dich bitten werden.
Markus_Mk_41_10_36_Er sprach zu ihnen: Was wollt ihr, daß ich euch tue?
Markus_Mk_41_10_37_Sie sprachen zu ihm: Gib uns, daß wir sitzen einer zu deiner Rechten und einer zu deiner Linken in deiner Herrlichkeit.
Markus_Mk_41_10_38_Jesus aber sprach zu ihnen: Ihr wisset nicht, was ihr bittet. Könnt ihr den Kelch trinken, den ich trinke, und euch taufen lassen mit der Taufe, mit der ich getauft werde?
Markus_Mk_41_10_39_Sie sprachen zu ihm: Ja, wir können es wohl. Jesus aber sprach zu ihnen: Ihr werdet zwar den Kelch trinken, den ich trinke, und getauft werden mit der Taufe, mit der ich getauft werde;
Markus_Mk_41_10_40_zu sitzen aber zu meiner Rechten und zu meiner Linken stehet mir nicht zu, euch zu geben, sondern welchen es bereitet ist.
Markus_Mk_41_10_41_Und da das die Zehn hörten, wurden sie unwillig über Jakobus und Johannes.
Markus_Mk_41_10_42_Aber Jesus rief sie zu sich und sprach zu ihnen: Ihr wisset, daß die weltlichen Fürsten herrschen und die Mächtigen unter ihnen haben Gewalt.
Markus_Mk_41_10_43_Aber also soll es unter euch nicht sein. Sondern welcher will groß werden unter euch, der soll euer Diener sein;
Markus_Mk_41_10_44_und welcher unter euch will der Vornehmste werden, der soll aller Knecht sein.
Markus_Mk_41_10_45_Denn auch des Menschen Sohn ist nicht gekommen, daß er sich dienen lasse, sondern daß er diene und gebe sein Leben zur Bezahlung für viele.
Markus_Mk_41_10_46_Und sie kamen gen Jericho. Und da er aus Jericho ging, er und seine Jünger und ein großes Volk, da saß ein Blinder, Bartimäus, des Timäus Sohn, am Wege und bettelte.
Markus_Mk_41_10_47_Und da er hörte, daß es Jesus von Nazareth war, fing er an, zu schreien und zu sagen: Jesu, du Sohn Davids, erbarme dich mein!
Markus_Mk_41_10_48_Und viele bedrohten ihn, er sollte stillschweigen. Er aber schrie viel mehr: Du Sohn Davids, erbarme dich mein!
Markus_Mk_41_10_49_Und Jesus stand still und ließ ihn rufen. Und sie riefen den Blinden und sprachen zu ihm: Sei getrost! stehe auf, er ruft dich!
Markus_Mk_41_10_50_Und er warf sein Kleid von sich, stand auf und kam zu Jesu.
Markus_Mk_41_10_51_Und Jesus antwortete und sprach zu ihm: Was willst du, daß ich dir tun soll? Der Blinde sprach zu ihm: Rabbuni, daß ich sehend werde.
Markus_Mk_41_10_52_Jesus aber sprach zu ihm: Gehe hin; dein Glaube hat dir geholfen. Und alsbald ward er sehend und folgte ihm nach auf dem Wege.
Markus_Mk_41_11_1_Und da sie nahe an Jerusalem kamen, gen Bethphage und Bethanien an den Ölberg, sandte er seiner Jünger zwei
Markus_Mk_41_11_2_und sprach zu ihnen: Gehet hin in den Flecken, der vor euch liegt; und alsbald, wenn ihr hineinkommt, werdet ihr finden ein Füllen angebunden, auf welchem nie ein Mensch gesessen hat; löset es ab und führet es her!
Markus_Mk_41_11_3_Und so jemand zu euch sagen wird: Warum tut ihr das? so sprechet: Der HERR bedarf sein; so wird er's alsbald hersenden.
Markus_Mk_41_11_4_Sie gingen hin und fanden das Füllen gebunden an die Tür, außen auf der Wegscheide, und lösten es ab.
Markus_Mk_41_11_5_Und etliche, die dastanden, sprachen zu ihnen: Was macht ihr, daß ihr das Füllen ablöset?
Markus_Mk_41_11_6_Sie sagten aber zu ihnen, wie ihnen Jesus geboten hatte, und die ließen's zu.
Markus_Mk_41_11_7_Und sie führten das Füllen zu Jesu und legten ihre Kleider darauf, und er setzte sich darauf.
Markus_Mk_41_11_8_Viele aber breiteten ihre Kleider auf den Weg; etliche hieben Maien von den Bäumen und streuten sie auf den Weg.
Markus_Mk_41_11_9_Und die vorne vorgingen und die hernach folgten, schrieen und sprachen: Hosianna! Gelobt sei, der da kommt im Namen des HERRN!
Markus_Mk_41_11_10_Gelobt sei das Reich unsers Vaters David, das da kommt in dem Namen des HERRN! Hosianna in der Höhe!
Markus_Mk_41_11_11_Und der HERR ging ein zu Jerusalem und in den Tempel, und er besah alles; und am Abend ging er hinaus gen Bethanien mit den Zwölfen.
Markus_Mk_41_11_12_Und des anderen Tages, da sie von Bethanien gingen, hungerte ihn.
Markus_Mk_41_11_13_Und er sah einen Feigenbaum von ferne, der Blätter hatte; da trat er hinzu, ob er etwas darauf fände, und da er hinzukam, fand er nichts denn nur Blätter, denn es war noch nicht Zeit, daß Feigen sein sollten.
Markus_Mk_41_11_14_Und Jesus antwortete und sprach zu ihm: Nun esse von dir niemand ewiglich! Und seine Jünger hörten das.
Markus_Mk_41_11_15_Und sie kamen gen Jerusalem. Und Jesus ging in den Tempel, fing an und trieb aus die Verkäufer und Käufer in dem Tempel; und die Tische der Wechsler und die Stühle der Taubenkrämer stieß er um,
Markus_Mk_41_11_16_und ließ nicht zu, das jemand etwas durch den Tempel trüge.
Markus_Mk_41_11_17_Und er lehrte und sprach zu ihnen: Steht nicht geschrieben: \"Mein Haus soll heißen ein Bethaus allen Völkern\"? Ihr aber habt eine Mördergrube daraus gemacht.
Markus_Mk_41_11_18_Und es kam vor die Schriftgelehrten und Hohenpriester; und sie trachteten, wie sie ihn umbrächten. Sie fürchteten sich aber vor ihm; denn alles Volk verwunderte sich über seine Lehre.
Markus_Mk_41_11_19_Und des Abends ging er hinaus vor die Stadt.
Markus_Mk_41_11_20_Und am Morgen gingen sie vorüber und sahen den Feigenbaum, daß er verdorrt war bis auf die Wurzel.
Markus_Mk_41_11_21_Und Petrus gedachte daran und sprach zu ihm: Rabbi, siehe, der Feigenbaum, den du verflucht hast, ist verdorrt.
Markus_Mk_41_11_22_Jesus antwortete und sprach zu ihnen: Habt Glauben an Gott.
Markus_Mk_41_11_23_Wahrlich, ich sage euch: Wer zu diesem Berge spräche: Hebe dich und wirf dich ins Meer! und zweifelte nicht in seinem Herzen, sondern glaubte, daß es geschehen würde, was er sagt, so wird's ihm geschehen, was er sagt.
Markus_Mk_41_11_24_Darum sage ich euch: Alles, was ihr bittet in eurem Gebet, glaubet nur, daß ihr's empfangen werdet, so wird's euch werden.
Markus_Mk_41_11_25_Und wenn ihr stehet und betet, so vergebet, wo ihr etwas wider jemand habt, auf daß auch euer Vater im Himmel euch vergebe eure Fehler.
Markus_Mk_41_11_26_Wenn ihr aber nicht vergeben werdet, so wird euch euer Vater, der im Himmel ist, eure Fehler nicht vergeben.
Markus_Mk_41_11_27_Und sie kamen abermals gen Jerusalem. Und da er im Tempel wandelte, kamen zu ihm die Hohenpriester und Schriftgelehrten und die Ältesten
Markus_Mk_41_11_28_und sprachen zu ihm: Aus was für Macht tust du das? und wer hat dir die Macht gegeben, daß du solches tust?
Markus_Mk_41_11_29_Jesus aber antwortete und sprach zu ihnen: Ich will euch auch ein Wort fragen; antwortet mir, so will ich euch sagen, aus was für Macht ich das tue.
Markus_Mk_41_11_30_Die Taufe des Johannes, war sie vom Himmel oder von den Menschen? Antwortet mir!
Markus_Mk_41_11_31_Und sie gedachten bei sich selbst und sprachen: Sagen wir sie war vom Himmel, so wird er sagen: Warum habt ihr denn ihm nicht geglaubt?
Markus_Mk_41_11_32_Sagen wir aber, sie war von Menschen, so fürchten wir uns vor dem Volk. Denn sie hielten alle, daß Johannes ein rechter Prophet wäre.
Markus_Mk_41_11_33_Und sie antworteten und sprachen zu Jesu: Wir wissen's nicht. Und Jesus antwortete und sprach zu ihnen: So sage ich euch auch nicht, aus was für Macht ich solches tue.
Markus_Mk_41_12_1_Und er fing an, zu ihnen durch Gleichnisse zu reden: Ein Mensch pflanzte einen Weinberg und führte einen Zaun darum und grub eine Kelter und baute einen Turm und tat ihn aus den Weingärtnern und zog über Land.
Markus_Mk_41_12_2_Und sandte einen Knecht, da die Zeit kam, zu den Weingärtnern, daß er von den Weingärtnern nähme von der Frucht des Weinbergs.
Markus_Mk_41_12_3_Sie nahmen ihn aber und stäupten ihn, und ließen ihn leer von sich.
Markus_Mk_41_12_4_Abermals sandte er ihnen einen anderen Knecht; dem zerwarfen sie den Kopf mit Steinen und ließen ihn geschmäht von sich.
Markus_Mk_41_12_5_Abermals sandte er einen andern: den töteten sie. Und viele andere, etliche stäupten sie, etliche töteten sie.
Markus_Mk_41_12_6_Da hatte er noch einen einzigen Sohn, der war ihm lieb; den sandte er zum letzten auch zu ihnen und sprach: Sie werden sich vor meinem Sohn scheuen.
Markus_Mk_41_12_7_Aber die Weingärtner sprachen untereinander: Dies ist der Erbe; kommt, laßt uns ihn töten, so wird das Erbe unser sein!
Markus_Mk_41_12_8_Und sie nahmen ihn und töteten ihn und warfen ihn hinaus vor den Weinberg.
Markus_Mk_41_12_9_Was wird nun der Herr des Weinbergs tun? Er wird kommen und die Weingärtner umbringen und den Weinberg andern geben.
Markus_Mk_41_12_10_Habt ihr auch nicht gelesen diese Schrift: \"Der Stein, den die Bauleute verworfen haben, der ist zum Eckstein geworden.
Markus_Mk_41_12_11_Von dem HERRN ist das geschehen, und es ist wunderbarlich vor unseren Augen\"?
Markus_Mk_41_12_12_Und sie trachteten darnach, wie sie ihn griffen, und fürchteten sich doch vor dem Volk; denn sie verstanden, daß er auf sie dies Gleichnis geredet hatte. Und sie ließen ihn und gingen davon.
Markus_Mk_41_12_13_Und sie sandten zu ihm etliche von den Pharisäern und des Herodes Dienern, daß sie ihn fingen in Worten.
Markus_Mk_41_12_14_Und sie kamen und sprachen zu ihm: Meister, wir wissen, daß du wahrhaftig bist und fragst nach niemand; denn du achtest nicht das Ansehen der Menschen, sondern du lehrst den Weg Gottes recht. Ist's recht, daß man dem Kaiser Zins gebe, oder nicht? Sollen wir ihn geben oder nicht geben?
Markus_Mk_41_12_15_Er aber merkte ihre Heuchelei und sprach zu ihnen: Was versucht ihr mich? Bringet mir einen Groschen, daß ich ihn sehe.
Markus_Mk_41_12_16_Und sie brachten ihm. Da sprach er: Wes ist das Bild und die Überschrift? Sie sprachen zu ihm: Des Kaisers!
Markus_Mk_41_12_17_Da antwortete Jesus und sprach zu ihnen: So gebet dem Kaiser, was des Kaisers ist, und Gott, was Gottes ist! Und sie verwunderten sich über ihn.
Markus_Mk_41_12_18_Da traten die Sadduzäer zu ihm, die da halten, es sei keine Auferstehung; die fragten ihn und sprachen:
Markus_Mk_41_12_19_Meister, Mose hat uns geschrieben: Wenn jemands Bruder stirbt und hinterläßt ein Weib, und hinterläßt keine Kinder, so soll sein Bruder sein Weib nehmen und seinem Bruder Samen erwecken.
Markus_Mk_41_12_20_Nun sind sieben Brüder gewesen. Der erste nahm ein Weib; der starb und hinterließ keinen Samen.
Markus_Mk_41_12_21_Und der andere nahm sie und starb und hinterließ auch nicht Samen. Der Dritte desgleichen.
Markus_Mk_41_12_22_Und es nahmen sie alle sieben und hinterließen nicht Samen. Zuletzt nach allen starb das Weib auch.
Markus_Mk_41_12_23_Nun in der Auferstehung, wenn sie auferstehen, wes Weib wird sie sein unter ihnen? Denn sieben haben sie zum Weibe gehabt.
Markus_Mk_41_12_24_Da antwortete Jesus und sprach zu ihnen: Ist's nicht also? Ihr irrt darum, daß ihr nichts wisset von der Schrift noch von der Kraft Gottes.
Markus_Mk_41_12_25_Wenn sie von den Toten auferstehen werden, so werden sie nicht freien noch sich freien lassen, sondern sie sind wie die Engel im Himmel.
Markus_Mk_41_12_26_Aber von den Toten, daß sie auferstehen werden, habt ihr nicht gelesen im Buch Mose's bei dem Busch, wie Gott zu ihm sagte und sprach: \"Ich bin der Gott Abrahams und der Gott Isaaks und der Gott Jakobs\"?
Markus_Mk_41_12_27_Gott aber ist nicht der Toten, sondern der Lebendigen Gott. Darum irrt ihr sehr.
Markus_Mk_41_12_28_Und es trat zu ihm der Schriftgelehrten einer, der ihnen zugehört hatte, wie sie sich miteinander befragten, und sah, daß er ihnen fein geantwortet hatte, und fragte ihn: Welches ist das vornehmste Gebot vor allen?
Markus_Mk_41_12_29_Jesus aber antwortete ihm: Das vornehmste Gebot vor allen Geboten ist das: \"Höre Israel, der HERR, unser Gott, ist ein einiger Gott;
Markus_Mk_41_12_30_und du sollst Gott, deinen HERRN, lieben von ganzem Herzen, von ganzer Seele, von ganzem Gemüte und von allen deinen Kräften.\" Das ist das vornehmste Gebot.
Markus_Mk_41_12_31_Und das andere ist ihm gleich: \"Du sollst deinen Nächsten lieben wie dich selbst.\" Es ist kein anderes Gebot größer denn diese.
Markus_Mk_41_12_32_Und der Schriftgelehrte sprach zu ihm: Meister, du hast wahrlich recht geredet; denn es ist ein Gott und ist kein anderer außer ihm.
Markus_Mk_41_12_33_Und ihn lieben von ganzem Herzen, von ganzem Gemüte, von ganzer Seele, und von allen Kräften, und lieben seinen Nächsten wie sich selbst, das ist mehr denn Brandopfer und alle Opfer.
Markus_Mk_41_12_34_Da Jesus aber sah, daß er vernünftig antwortete, sprach er zu ihm: \"Du bist nicht ferne von dem Reich Gottes.\" Und es wagte ihn niemand weiter zu fragen.
Markus_Mk_41_12_35_Und Jesus antwortete und sprach, da er lehrte im Tempel: Wie sagen die Schriftgelehrten, Christus sei Davids Sohn?
Markus_Mk_41_12_36_Er aber, David, spricht durch den heiligen Geist: \"Der HERR hat gesagt zu meinem Herrn: Setze dich zu meiner Rechten, bis daß ich lege deine Feinde zum Schemel deiner Füße.\"
Markus_Mk_41_12_37_Da heißt ihn ja David seinen Herrn; woher ist er denn sein Sohn? Und viel Volks hörte ihn gern.
Markus_Mk_41_12_38_Und er lehrte sie und sprach zu ihnen: Sehet euch vor vor den Schriftgelehrten, die in langen Kleidern gehen und lassen sich gern auf dem Markte grüßen
Markus_Mk_41_12_39_und sitzen gern obenan in den Schulen und über Tisch beim Gastmahl;
Markus_Mk_41_12_40_sie fressen der Witwen Häuser und wenden langes Gebet vor. Diese werden desto mehr Verdammnis empfangen.
Markus_Mk_41_12_41_Und Jesus setzte sich gegen den Gotteskasten und schaute, wie das Volk Geld einlegte in den Gotteskasten; und viele Reiche legten viel ein.
Markus_Mk_41_12_42_Und es kam eine arme Witwe und legte zwei Scherflein ein; die machen einen Heller.
Markus_Mk_41_12_43_Und er rief seine Jünger zu sich und sprach zu ihnen: Diese arme Witwe hat mehr in den Gotteskasten gelegt denn alle, die eingelegt haben.
Markus_Mk_41_12_44_Denn sie haben alle von ihrem Überfluß eingelegt; diese aber hat von ihrer Armut alles, was sie hatte, ihre ganze Nahrung, eingelegt.
Markus_Mk_41_13_1_Und da er aus dem Tempel ging, sprach zu ihm seiner Jünger einer: Meister, siehe, welche Steine und welch ein Bau ist das!
Markus_Mk_41_13_2_Und Jesus antwortete und sprach zu ihm: Siehst du wohl allen diesen großen Bau? Nicht ein Stein wird auf dem anderen bleiben, der nicht zerbrochen werde.
Markus_Mk_41_13_3_Und da er auf dem Ölberge saß gegenüber dem Tempel, fragten ihn Petrus, Jakobus und Johannes und Andreas besonders:
Markus_Mk_41_13_4_Sage uns, wann wird das alles geschehen? Und was wird das Zeichen sein, wann das alles soll vollendet werden?
Markus_Mk_41_13_5_Jesus antwortete ihnen und fing an, zu sagen: Sehet zu das euch nicht jemand verführe!
Markus_Mk_41_13_6_Denn es werden viele kommen unter meinem Namen und sagen: \"Ich bin Christus!\" und werden viele verführen.
Markus_Mk_41_13_7_Wenn ihr aber hören werdet von Kriegen und Kriegsgeschrei, so fürchtet euch nicht. Denn es muß also geschehen; aber das Ende ist noch nicht da.
Markus_Mk_41_13_8_Es wird sich ein Volk wider das andere empören und ein Königreich wider das andere, und werden Erdbeben geschehen hin und wieder, und wird teure Zeit und Schrecken sein. Das ist der Not Anfang.
Markus_Mk_41_13_9_Ihr aber, sehet euch vor! Denn sie werden euch überantworten vor die Rathäuser und Schulen; und ihr müßt gestäupt werden, und vor Fürsten und Könige geführt werden um meinetwillen, zu einem Zeugnis über sie.
Markus_Mk_41_13_10_Und das Evangelium muß zuvor verkündigt werden unter alle Völker.
Markus_Mk_41_13_11_Wenn sie euch nun führen und überantworten werden, so sorget nicht, was ihr reden sollt, und bedenket auch nicht zuvor; sondern was euch zu der Stunde gegeben wird, das redet. Denn ihr seid's nicht, die da reden, sondern der Heilige Geist.
Markus_Mk_41_13_12_Es wird aber überantworten ein Bruder den andern zum Tode und der Vater den Sohn, und die Kinder werden sich empören gegen die Eltern und werden sie helfen töten.
Markus_Mk_41_13_13_Und ihr werdet gehaßt sein von jedermann um meines Namens willen. Wer aber beharrt bis an das Ende, der wird selig.
Markus_Mk_41_13_14_Wenn ihr aber sehen werdet den Greuel der Verwüstung (von dem der Prophet Daniel gesagt hat), daß er steht, wo er nicht soll (wer es liest, der merke darauf!), alsdann, wer in Judäa ist, der fliehe auf die Berge;
Markus_Mk_41_13_15_und wer auf dem Dache ist, der steige nicht hernieder ins Haus und komme nicht hinein, etwas zu holen aus seinem Hause;
Markus_Mk_41_13_16_und wer auf dem Felde ist, der wende sich nicht um, seine Kleider zu holen.
Markus_Mk_41_13_17_Weh aber den Schwangeren und Säugerinnen zu der Zeit!
Markus_Mk_41_13_18_Bittet aber, daß eure Flucht nicht geschehe im Winter.
Markus_Mk_41_13_19_Denn in diesen Tagen werden solche Trübsale sein, wie sie nie gewesen sind bisher, vom Anfang der Kreatur, die Gott geschaffen hat, und wie auch nicht werden wird.
Markus_Mk_41_13_20_Und so der HERR diese Tage nicht verkürzt hätte, würde kein Mensch selig: aber um der Auserwählten willen, die er auserwählt hat, hat er auch diese Tage verkürzt.
Markus_Mk_41_13_21_Wenn nun jemand zu der Zeit wird zu euch sagen: Siehe, hier ist Christus! siehe, da ist er! so glaubet nicht.
Markus_Mk_41_13_22_Denn es werden sich erheben falsche Christi und falsche Propheten, die Zeichen und Wunder tun, daß sie auch die Auserwählten verführen, so es möglich wäre.
Markus_Mk_41_13_23_Ihr aber sehet euch vor! Siehe, ich habe es euch alles zuvor gesagt.
Markus_Mk_41_13_24_Aber zu der Zeit, nach dieser Trübsal, werden Sonne und Mond ihren Schein verlieren,
Markus_Mk_41_13_25_und die Sterne werden vom Himmel fallen, und die Kräfte der Himmel werden sich bewegen.
Markus_Mk_41_13_26_Und dann werden sie sehen des Menschen Sohn kommen in den Wolken mit großer Kraft und Herrlichkeit.
Markus_Mk_41_13_27_Und dann wird er seine Engel senden und wird versammeln seine Auserwählten von den vier Winden, von dem Ende der Erde bis zum Ende des Himmels.
Markus_Mk_41_13_28_An dem Feigenbaum lernet ein Gleichnis: wenn jetzt seine Zweige saftig werden und Blätter gewinnen, so wißt ihr, daß der Sommer nahe ist.
Markus_Mk_41_13_29_Also auch, wenn ihr sehet, daß solches geschieht, so wisset, daß es nahe vor der Tür ist.
Markus_Mk_41_13_30_Wahrlich, ich sage euch: Dies Geschlecht wird nicht vergehen, bis daß dies alles geschehe.
Markus_Mk_41_13_31_Himmel und Erde werden vergehen; meine Worte aber werden nicht vergehen.
Markus_Mk_41_13_32_Von dem Tage aber und der Stunde weiß niemand, auch die Engel im Himmel nicht, auch der Sohn nicht, sondern allein der Vater.
Markus_Mk_41_13_33_Sehet zu, wachet und betet; denn ihr wisset nicht, wann es Zeit ist.
Markus_Mk_41_13_34_Gleich als ein Mensch, der über Land zog und verließ sein Haus und gab seinem Knecht Macht, einem jeglichen sein Werk, und gebot dem Türhüter, er sollte wachen.
Markus_Mk_41_13_35_So wachet nun (denn ihr wißt nicht, wann der Herr des Hauses kommt, ob er kommt am Abend oder zu Mitternacht oder um den Hahnenschrei oder des Morgens),
Markus_Mk_41_13_36_auf daß er nicht schnell komme und finde euch schlafend.
Markus_Mk_41_13_37_Was ich aber euch sage, das sage ich allen: Wachet!
Markus_Mk_41_14_1_Und nach zwei Tagen war Ostern und die Tage der süßen Brote. Und die Hohenpriester und Schriftgelehrten suchten, wie sie ihn mit List griffen und töteten.
Markus_Mk_41_14_2_Sie sprachen aber: Ja nicht auf das Fest, daß nicht ein Aufruhr im Volk werde!
Markus_Mk_41_14_3_Und da er zu Bethanien war in Simons, des Aussätzigen, Hause und saß zu Tische, da kam ein Weib, die hatte ein Glas mit ungefälschtem und köstlichem Nardenwasser, und sie zerbrach das Glas und goß es auf sein Haupt.
Markus_Mk_41_14_4_Da waren etliche, die wurden unwillig und sprachen: Was soll doch diese Vergeudung?
Markus_Mk_41_14_5_Man könnte das Wasser um mehr denn dreihundert Groschen verkauft haben und es den Armen geben. Und murrten über sie.
Markus_Mk_41_14_6_Jesus aber sprach: Laßt sie mit Frieden! Was bekümmert ihr sie? Sie hat ein gutes Werk an mir getan.
Markus_Mk_41_14_7_Ihr habt allezeit Arme bei euch, und wenn ihr wollt, könnt ihr ihnen Gutes tun; mich aber habt ihr nicht allezeit.
Markus_Mk_41_14_8_Sie hat getan, was sie konnte; sie ist zuvorgekommen, meinen Leib zu salben zu meinem Begräbnis.
Markus_Mk_41_14_9_Wahrlich, ich sage euch: Wo dies Evangelium gepredigt wird in aller Welt, da wird man auch das sagen zu ihrem Gedächtnis, was sie jetzt getan hat.
Markus_Mk_41_14_10_Und Judas Ischariot, einer von den Zwölfen, ging hin zu den Hohenpriestern, daß er ihn verriete.
Markus_Mk_41_14_11_Da sie das hörten, wurden sie froh und verhießen, ihm Geld zu geben. Und er suchte, wie er ihn füglich verriete.
Markus_Mk_41_14_12_Und am ersten Tage der süßen Brote, da man das Osterlamm opferte, sprachen seine Jünger zu ihm: Wo willst du, daß wir hingehen und bereiten, daß du das Osterlamm essest?
Markus_Mk_41_14_13_Und er sandte seiner Jünger zwei und sprach zu ihnen: Gehet hin in die Stadt, und es wird euch ein Mensch begegnen, der trägt einen Krug mit Wasser; folget ihm nach,
Markus_Mk_41_14_14_und wo er eingeht, da sprechet zu dem Hauswirt: Der Meister läßt dir sagen: Wo ist das Gasthaus, darin ich das Osterlamm esse mit meinen Jüngern?
Markus_Mk_41_14_15_Und er wird euch einen großen Saal zeigen, der mit Polstern versehen und bereit ist; daselbst richtet für uns zu.
Markus_Mk_41_14_16_Und die Jünger gingen aus und kamen in die Stadt und fanden's, wie er ihnen gesagt hatte, und bereiteten das Osterlamm.
Markus_Mk_41_14_17_Am Abend aber kam er mit den Zwölfen.
Markus_Mk_41_14_18_Und als sie zu Tische saßen und aßen, sprach Jesus: Wahrlich, ich sage euch: Einer unter euch, der mit mir isset, wird mich verraten.
Markus_Mk_41_14_19_Und sie wurden traurig und sagten zu ihm, einer nach dem anderen: Bin ich's? und der andere: Bin ich's?
Markus_Mk_41_14_20_Er antwortete und sprach zu ihnen: Einer aus den Zwölfen, der mit mir in die Schüssel taucht.
Markus_Mk_41_14_21_Zwar des Menschen Sohn geht hin, wie von ihm geschrieben steht; weh aber dem Menschen, durch welchen des Menschen Sohn verraten wird. Es wäre demselben Menschen besser, daß er nie geboren wäre.
Markus_Mk_41_14_22_Und indem sie aßen, nahm Jesus das Brot, dankte und brach's und gab's ihnen und sprach: Nehmet, esset; das ist mein Leib.
Markus_Mk_41_14_23_Und nahm den Kelch, dankte und gab ihnen den; und sie tranken alle daraus.
Markus_Mk_41_14_24_Und er sprach zu ihnen: Das ist mein Blut des neuen Testamentes, das für viele vergossen wird.
Markus_Mk_41_14_25_Wahrlich, ich sage euch, daß ich hinfort nicht trinken werde vom Gewächs des Weinstocks bis auf den Tag, da ich's neu trinke in dem Reich Gottes.
Markus_Mk_41_14_26_Und da sie den Lobgesang gesprochen hatten, gingen sie hinaus an den Ölberg.
Markus_Mk_41_14_27_Und Jesus sprach zu ihnen: Ihr werdet euch in dieser Nacht alle an mir ärgern; denn es steht geschrieben: \"Ich werde den Hirten schlagen, und die Schafe werden sich zerstreuen.\"
Markus_Mk_41_14_28_Wenn ich aber auferstehe, will ich vor euch hingehen nach Galiläa.
Markus_Mk_41_14_29_Petrus aber sagte zu ihm: Und wenn sie sich alle ärgerten, so wollte doch ich mich nicht ärgern.
Markus_Mk_41_14_30_Und Jesus sprach zu ihm: Wahrlich, ich sage dir: Heute, in dieser Nacht, ehe denn der Hahn zweimal kräht, wirst du mich dreimal verleugnen.
Markus_Mk_41_14_31_Er aber redete noch weiter: Ja, wenn ich mit dir auch sterben müßte, wollte ich dich doch nicht verleugnen. Desgleichen sagten sie alle.
Markus_Mk_41_14_32_Und sie kamen zu einem Hofe mit Namen Gethsemane. Und er sprach zu seinen Jüngern: Setzet euch hier, bis ich hingehe und bete.
Markus_Mk_41_14_33_Und nahm Petrus und Jakobus und Johannes und fing an, zu zittern und zu zagen.
Markus_Mk_41_14_34_Und sprach zu ihnen: Meine Seele ist betrübt bis an den Tod; bleibet hier und wachet!
Markus_Mk_41_14_35_Und ging ein wenig weiter, fiel auf die Erde und betete, daß, wenn es möglich wäre, die Stunde vorüberginge,
Markus_Mk_41_14_36_und sprach: Abba, mein Vater, es ist dir alles möglich; überhebe mich dieses Kelchs; doch nicht, was ich will, sondern was du willst!
Markus_Mk_41_14_37_Und kam und fand sie schlafend und sprach zu Petrus: Simon, schläfst du? Vermochtest du nicht eine Stunde zu wachen?
Markus_Mk_41_14_38_Wachet und betet, daß ihr nicht in Versuchung fallet! Der Geist ist willig; aber das Fleisch ist schwach.
Markus_Mk_41_14_39_Und ging wieder hin und betete und sprach dieselben Worte.
Markus_Mk_41_14_40_Und kam wieder und fand sie abermals schlafend; denn ihre Augen waren voll Schlafs, und sie wußten nicht, was sie ihm antworteten.
Markus_Mk_41_14_41_Und er kam zum drittenmal und sprach zu ihnen: Ach, wollt ihr nun schlafen und ruhen? Es ist genug; die Stunde ist gekommen. Siehe, des Menschen Sohn wird überantwortet in der Sünder Hände.
Markus_Mk_41_14_42_Stehet auf, laßt uns gehen. Siehe, der mich verrät, ist nahe!
Markus_Mk_41_14_43_Und alsbald, da er noch redete, kam herzu Judas, der Zwölf einer, und eine große Schar mit ihm, mit Schwertern und mit Stangen von den Hohenpriestern und Schriftgelehrten und Ältesten.
Markus_Mk_41_14_44_Und der Verräter hatte ihnen ein Zeichen gegeben und gesagt: Welchen ich küssen werde, der ist's; den greifet und führet ihn sicher.
Markus_Mk_41_14_45_Und da er kam, trat er alsbald zu ihm und sprach zu ihm: Rabbi, Rabbi! und küßte ihn.
Markus_Mk_41_14_46_Die aber legten ihre Hände an ihn und griffen ihn.
Markus_Mk_41_14_47_Einer aber von denen, die dabeistanden, zog sein Schwert aus und schlug des Hohenpriesters Knecht und hieb ihm ein Ohr ab.
Markus_Mk_41_14_48_Und Jesus antwortete und sprach zu ihnen: Ihr seid ausgegangen wie zu einem Mörder mit Schwertern und Stangen, mich zu fangen.
Markus_Mk_41_14_49_Ich bin täglich bei euch im Tempel gewesen und habe gelehrt, und ihr habt mich nicht gegriffen, aber auf daß die Schrift erfüllt werde.
Markus_Mk_41_14_50_Und die Jünger verließen ihn alle und flohen.
Markus_Mk_41_14_51_Und es war ein Jüngling, der folgte ihm nach, der war mit Leinwand bekleidet auf der bloßen Haut; und die Jünglinge griffen ihn.
Markus_Mk_41_14_52_Er aber ließ die Leinwand fahren und floh bloß von ihnen.
Markus_Mk_41_14_53_Und sie führten Jesus zu dem Hohenpriester, dahin zusammengekommen waren alle Hohenpriester und Ältesten und Schriftgelehrten.
Markus_Mk_41_14_54_Petrus aber folgte ihm nach von ferne bis hinein in des Hohenpriesters Palast; und er war da und saß bei den Knechten und wärmte sich bei dem Licht.
Markus_Mk_41_14_55_Aber die Hohenpriester und der ganze Rat suchten Zeugnis wider Jesum, auf daß sie ihn zum Tode brächten, und fanden nichts.
Markus_Mk_41_14_56_Viele gaben falsch Zeugnis wider ihn; aber ihr Zeugnis stimmte nicht überein.
Markus_Mk_41_14_57_Und etliche standen auf und gaben falsch Zeugnis wider ihn und sprachen:
Markus_Mk_41_14_58_Wir haben gehört, daß er sagte: Ich will den Tempel, der mit Händen gemacht ist, abbrechen und in drei Tagen einen anderen bauen, der nicht mit Händen gemacht sei.
Markus_Mk_41_14_59_Aber ihr Zeugnis stimmte noch nicht überein.
Markus_Mk_41_14_60_Und der Hohepriester stand auf, trat mitten unter sie und fragte Jesum und sprach: Antwortest du nichts zu dem, was diese wider dich zeugen?
Markus_Mk_41_14_61_Er aber schwieg still und antwortete nichts. Da fragte ihn der Hohepriester abermals und sprach zu ihm: Bist du Christus, der Sohn des Hochgelobten?
Markus_Mk_41_14_62_Jesus aber sprach: Ich bin's; und ihr werdet sehen des Menschen Sohn sitzen zur rechten Hand der Kraft und kommen mit des Himmels Wolken.
Markus_Mk_41_14_63_Da zerriß der Hohepriester seinen Rock und sprach: Was bedürfen wir weiter Zeugen?
Markus_Mk_41_14_64_Ihr habt gehört die Gotteslästerung. Was dünkt euch? Sie aber verdammten ihn alle, daß er des Todes schuldig wäre.
Markus_Mk_41_14_65_Da fingen an etliche, ihn zu verspeien und zu verdecken sein Angesicht und ihn mit Fäusten zu schlagen und zu ihm zu sagen: Weissage uns! Und die Knechte schlugen ihn ins Angesicht.
Markus_Mk_41_14_66_Und Petrus war unten im Hof. Da kam eine von des Hohenpriesters Mägden;
Markus_Mk_41_14_67_und da sie sah Petrus sich wärmen, schaute sie ihn an und sprach: Und du warst auch mit Jesus von Nazareth.
Markus_Mk_41_14_68_Er leugnete aber und sprach: Ich kenne ihn nicht, weiß auch nicht, was du sagst. Und er ging hinaus in den Vorhof; und der Hahn krähte.
Markus_Mk_41_14_69_Und die Magd sah ihn und hob abermals an, zu sagen denen, die dabeistanden: Dieser ist deren einer.
Markus_Mk_41_14_70_Und er leugnete abermals. Und nach einer kleinen Weile sprachen abermals zu Petrus, die dabeistanden: Wahrlich, du bist deren einer; denn du bist ein Galiläer, und deine Sprache lautet gleich also.
Markus_Mk_41_14_71_Er aber fing an, sich zu verfluchen und zu schwören: Ich kenne den Menschen nicht, von dem ihr sagt.
Markus_Mk_41_14_72_Und der Hahn krähte zum andernmal. Da gedachte Petrus an das Wort, das Jesus zu ihm sagte: Ehe der Hahn zweimal kräht, wirst du mich dreimal verleugnen. Und er hob an, zu weinen.
Markus_Mk_41_15_1_Und bald am Morgen hielten die Hohenpriester einen Rat mit den Ältesten und Schriftgelehrten, dazu der ganze Rat, und banden Jesum und führten ihn hin und überantworteten ihn dem Pilatus.
Markus_Mk_41_15_2_Und Pilatus fragte ihn: Bist du der König der Juden? Er antwortete aber und sprach zu ihm: Du sagst es.
Markus_Mk_41_15_3_Und die Hohenpriester beschuldigten ihn hart.
Markus_Mk_41_15_4_Pilatus aber fragte ihn abermals und sprach: Antwortest du nichts? Siehe, wie hart sie dich verklagen!
Markus_Mk_41_15_5_Jesus aber antwortete nichts mehr, also daß sich auch Pilatus verwunderte.
Markus_Mk_41_15_6_Er pflegte aber ihnen auf das Osterfest einen Gefangenen loszugeben, welchen sie begehrten.
Markus_Mk_41_15_7_Es war aber einer, genannt Barabbas, gefangen mit den Aufrührern, die im Aufruhr einen Mord begangen hatten.
Markus_Mk_41_15_8_Und das Volk ging hinauf und bat, daß er täte, wie er pflegte.
Markus_Mk_41_15_9_Pilatus aber antwortete ihnen: Wollt ihr, daß ich euch den König der Juden losgebe?
Markus_Mk_41_15_10_Denn er wußte, daß ihn die Hohenpriester aus Neid überantwortet hatten.
Markus_Mk_41_15_11_Aber die Hohenpriester reizten das Volk, das er ihnen viel lieber den Barabbas losgäbe.
Markus_Mk_41_15_12_Pilatus aber antwortete wiederum und sprach zu ihnen: Was wollt ihr denn, daß ich tue dem, den ihr beschuldigt, er sei der König der Juden?
Markus_Mk_41_15_13_Sie schrieen abermals: Kreuzige ihn!
Markus_Mk_41_15_14_Pilatus aber sprach zu ihnen: Was hat er Übles getan? Aber sie schrieen noch viel mehr: Kreuzige ihn!
Markus_Mk_41_15_15_Pilatus aber gedachte, dem Volk genugzutun, und gab ihnen Barabbas los, und geißelte Jesum und überantwortete ihn, daß er gekreuzigt würde.
Markus_Mk_41_15_16_Die Kriegsknechte aber führten ihn hinein in das Richthaus und riefen zusammen die ganze Schar
Markus_Mk_41_15_17_und zogen ihm einen Purpur an und flochten eine dornene Krone und setzten sie ihm auf,
Markus_Mk_41_15_18_und fingen an, ihn zu grüßen: Gegrüßet seist du, der Juden König!
Markus_Mk_41_15_19_Und schlugen ihm das Haupt mit dem Rohr und verspeiten ihn und fielen auf die Kniee und beteten ihn an.
Markus_Mk_41_15_20_Und da sie ihn verspottet hatten, zogen sie ihm den Purpur aus und zogen seine eigenen Kleider an und führten ihn aus, daß sie ihn kreuzigten.
Markus_Mk_41_15_21_Und zwangen einen, mit Namen Simon von Kyrene, der vom Felde kam (der ein Vater war des Alexander und Rufus), daß er sein Kreuz trüge.
Markus_Mk_41_15_22_Und sie brachten ihn an die Stätte Golgatha, das ist verdolmetscht: Schädelstätte.
Markus_Mk_41_15_23_Und sie gaben ihm Myrrhe im Wein zu trinken; und er nahm's nicht zu sich.
Markus_Mk_41_15_24_Und da sie ihn gekreuzigt hatten, teilten sie seine Kleider und warfen das Los darum, wer etwas bekäme.
Markus_Mk_41_15_25_Und es war um die dritte Stunde, da sie ihn kreuzigten.
Markus_Mk_41_15_26_Und es war oben über ihm geschrieben was man ihm schuld gab, nämlich: Der König der Juden.
Markus_Mk_41_15_27_Und sie kreuzigten mit ihm zwei Mörder, einen zu seiner Rechten und einen zur Linken.
Markus_Mk_41_15_28_Da ward die Schrift erfüllet, die da sagt: \"Er ist unter die Übeltäter gerechnet.\"
Markus_Mk_41_15_29_Und die vorübergingen, lästerten ihn und schüttelten ihre Häupter und sprachen: Pfui dich, wie fein zerbrichst du den Tempel und baust ihn in drei Tagen!
Markus_Mk_41_15_30_Hilf dir nun selber und steig herab vom Kreuz!
Markus_Mk_41_15_31_Desgleichen die Hohenpriester verspotteten ihn untereinander samt den Schriftgelehrten und sprachen: Er hat anderen geholfen, und kann sich selber nicht helfen.
Markus_Mk_41_15_32_Ist er Christus und König in Israel, so steige er nun vom Kreuz, daß wir sehen und glauben. Und die mit ihm gekreuzigt waren, schmähten ihn auch.
Markus_Mk_41_15_33_Und nach der sechsten Stunde ward eine Finsternis über das ganze Land bis um die neunte Stunde.
Markus_Mk_41_15_34_Und um die neunte Stunde rief Jesus laut und sprach: \"Eli, Eli lama asabthani? das ist verdolmetscht: Mein Gott, mein Gott, warum hast du mich verlassen?
Markus_Mk_41_15_35_Und etliche, die dabeistanden, da sie es hörten, sprachen sie: Siehe er ruft den Elia.
Markus_Mk_41_15_36_Da lief einer und füllte einen Schwamm mit Essig und steckte ihn auf ein Rohr und tränkte ihn und sprach: Halt, laßt sehen, ob Elia komme und ihn herabnehme.
Markus_Mk_41_15_37_Aber Jesus schrie laut und verschied.
Markus_Mk_41_15_38_Und der Vorhang im Tempel zerriß in zwei Stücke von obenan bis untenaus.
Markus_Mk_41_15_39_Der Hauptmann aber, der dabeistand ihm gegenüber und sah, daß er mit solchem Geschrei verschied, sprach: Wahrlich, dieser Mensch ist Gottes Sohn gewesen!
Markus_Mk_41_15_40_Und es waren auch Weiber da, die von ferne solches sahen; unter welchen war Maria Magdalena und Maria, Jakobus des Kleinen und des Joses Mutter, und Salome,
Markus_Mk_41_15_41_die ihm auch nachgefolgt waren, da er in Galiläa war, und gedient hatten, und viele andere, die mit ihm hinauf gen Jerusalem gegangen waren.
Markus_Mk_41_15_42_Und am Abend, dieweil es der Rüsttag war, welcher ist der Vorsabbat,
Markus_Mk_41_15_43_kam Joseph von Arimathia, ein ehrbarer Ratsherr, welcher auch auf das Reich Gottes wartete. Der wagte es und ging hinein zu Pilatus und bat um den Leichnam Jesu.
Markus_Mk_41_15_44_Pilatus aber verwunderte sich, daß er schon tot war, und rief den Hauptmann und fragte ihn, ob er schon lange gestorben wäre.
Markus_Mk_41_15_45_Und als er's erkundet von dem Hauptmann, gab er Joseph den Leichnam.
Markus_Mk_41_15_46_Und er kaufte eine Leinwand und nahm ihn ab und wickelte ihn in die Leinwand und legte ihn in ein Grab, das war in einen Felsen gehauen, und wälzte einen Stein vor des Grabes Tür.
Markus_Mk_41_15_47_Aber Maria Magdalena und Maria, des Joses Mutter, schauten zu, wo er hingelegt ward.
Markus_Mk_41_16_1_Und da der Sabbat vergangen war, kauften Maria Magdalena und Maria, des Jakobus Mutter, und Salome Spezerei, auf daß sie kämen und salbten ihn.
Markus_Mk_41_16_2_Und sie kamen zum Grabe am ersten Tag der Woche sehr früh, da die Sonne aufging.
Markus_Mk_41_16_3_Und sie sprachen untereinander: Wer wälzt uns den Stein von des Grabes Tür?
Markus_Mk_41_16_4_Und sie sahen dahin und wurden gewahr, daß der Stein abgewälzt war; denn er war sehr groß.
Markus_Mk_41_16_5_Und sie gingen hinein in das Grab und sahen einen Jüngling zur rechten Hand sitzen, der hatte ein langes weißes Kleid an; und sie entsetzten sich.
Markus_Mk_41_16_6_Er aber sprach zu ihnen: Entsetzt euch nicht! Ihr sucht Jesus von Nazareth, den Gekreuzigten; er ist nicht hier. Siehe da die Stätte, da sie ihn hinlegten!
Markus_Mk_41_16_7_Gehet aber hin und sagt's seinen Jüngern und Petrus, daß er vor euch hingehen wird nach Galiläa, da werdet ihr ihn sehen, wie er gesagt hat.
Markus_Mk_41_16_8_Und sie gingen schnell heraus und flohen von dem Grabe; denn es war sie Zittern und Entsetzen angekommen. Und sie sagten niemand etwas, denn sie fürchteten sich.
Markus_Mk_41_16_9_Jesus aber, da er auferstanden war früh am ersten Tag der Woche, erschien er am ersten der Maria Magdalena, von welcher er sieben Teufel ausgetrieben hatte.
Markus_Mk_41_16_10_Und sie ging hin und verkündigte es denen, die mit ihm gewesen waren, die da Leid trugen und weinten.
Markus_Mk_41_16_11_Und diese, da sie es hörten, daß er lebte und wäre ihr erschienen, glaubten sie nicht.
Markus_Mk_41_16_12_Darnach, da zwei aus ihnen wandelten, offenbarte er sich unter einer anderen Gestalt, da sie aufs Feld gingen.
Markus_Mk_41_16_13_Und die gingen auch hin und verkündigten das den anderen; denen glaubten sie auch nicht.
Markus_Mk_41_16_14_Zuletzt, da die Elf zu Tische saßen, offenbarte er sich und schalt ihren Unglauben und ihres Herzens Härtigkeit, daß sie nicht geglaubt hatten denen, die ihn gesehen hatten auferstanden.
Markus_Mk_41_16_15_Und er sprach zu ihnen: Gehet hin in alle Welt und prediget das Evangelium aller Kreatur.
Markus_Mk_41_16_16_Wer da glaubet und getauft wird, der wird selig werden; wer aber nicht glaubt, der wird verdammt werden.
Markus_Mk_41_16_17_Die Zeichen aber, die da folgen werden denen, die da glauben, sind die: in meinem Namen werden sie Teufel austreiben, mit neuen Zungen reden.
Markus_Mk_41_16_18_Schlangen vertreiben; und so sie etwas Tödliches trinken, wird's ihnen nicht schaden; auf die Kranken werden sie die Hände legen, so wird es besser mit ihnen werden.
Markus_Mk_41_16_19_Und der HERR, nachdem er mit ihnen geredet hatte, ward er aufgehoben gen Himmel und sitzt zur rechten Hand Gottes.
Markus_Mk_41_16_20_Sie aber gingen aus und predigten an allen Orten; und der HERR wirkte mit ihnen und bekräftigte das Wort durch mitfolgende Zeichen.
